-9,1,2,3,4
1,1,-51.08125,-0.66875,5912760.32
2,2,-51.79791667,-1.497916667,5393040.64
3,3,-54.73541667,-2.402083333,4696940.16
4,4,12.46458333,-6.06875,3705301.76
5,5,-89.26458333,29.11041667,3179500.16
6,6,-58.63541667,-3.35625,2937678.4
7,7,-91.65625,30.98958333,2934853.12
8,8,30.38541667,31.44375,2916808.32
9,9,16.18541667,-3.185416667,2708456.64
10,10,-58.52291667,-33.93541667,2594298.24
11,11,84.52708333,69.62708333,2489752
12,12,-91.10208333,33.77291667,2469256
13,13,69.99791667,66.78125,2467589.28
14,14,128.5645833,72.00208333,2453575.04
15,15,16.77708333,-1.347916667,2355752.48
16,16,65.78125,66.13958333,2278501.44
17,17,-60.57708333,-31.72291667,2249532.96
18,18,-59.90208333,-3.14375,2216711.04
19,19,6.06875,4.39375,2098663.68
20,20,33.97291667,17.67291667,2045604.8
21,21,140.70625,53.11458333,1998203.36
22,22,120.2354167,31.93958333,1909198.56
23,23,87.98125,65.76458333,1875384.64
24,24,-89.8362,37.9028,1835274
25,25,-89.12708333,36.98125,1815893.44
26,26,-135.15625,69.24791667,1795841.44
27,27,119.80625,32.31041667,1732696.8
28,28,6.752083333,7.78125,1730224.8
29,29,126.4354167,64.38541667,1703180.96
30,30,17.71458333,-0.572916667,1693384.48
31,31,32.50208333,15.63958333,1670929.92
32,32,135.0479167,48.46458333,1578542.88
33,33,90.63125,23.22291667,1574223.84
34,34,90.12291667,61.57708333,1519703.04
35,35,116.2354167,29.76458333,1493199.36
36,36,90.60208333,23.27708333,1488646.56
37,37,-125.60625,64.89375,1434157.12
38,38,47.71875,45.59375,1404107.68
39,39,36.25625,-18.80208333,1378121.12
40,40,-58.63541667,-3.360416667,1368840.32
41,41,4.11875,11.38541667,1360282.56
42,42,-90.11875,38.81041667,1326743.36
43,43,114.2854167,30.56458333,1293973.84
44,44,35.31875,-17.69791667,1205882.24
45,45,31.56458333,9.385416667,1197395.76
46,46,68.79375,61.08125,1139612
47,47,-58.64791667,-27.34375,1136980.4
48,48,-71.19375,46.81458333,1053293.76
49,49,-121.30625,61.86041667,1039671.52
50,50,68.79375,61.08541667,1037760.96
51,51,92.98541667,58.09791667,1034536.08
52,52,113.1395833,29.46041667,1011219.84
53,53,-92.73958333,56.93541667,1004347.44
54,54,140.275,-34.1787,1000001
55,55,132.51875,47.70208333,999994.4
56,56,141.597,-34.1915,991000
57,57,-72.52291667,46.33541667,986574.32
58,58,14.52708333,13.07708333,980211.84
59,59,139.616,-34.3509,955018
60,60,-58.64375,-27.34375,951736.72
61,61,89.73958333,23.79791667,944594.96
62,62,-60.98125,8.577083333,938384.24
63,63,129.36875,63.46875,917135.44
64,64,90.37291667,40.20208333,909036.72
65,65,16.18958333,-3.185416667,894486.56
66,66,16.45208333,-28.63125,884883.04
67,67,30.41875,-15.62291667,859018.4
68,68,67.65208333,24.08125,854649.92
69,69,-95.9225,41.2589,846305.8
70,70,-164.4645833,63.03125,832828.72
71,71,-62.71875,8.352083333,830662.32
72,72,48.46041667,29.99375,829646.88
73,73,17.17708333,-28.10208333,796731.2
74,74,29.69791667,45.24791667,786750
75,75,-73.78541667,45.39375,782539.6
76,76,139.38125,-35.34791667,775219.84
77,77,106.2520833,9.614583333,774281.52
78,78,-49.39791667,-2.189583333,772470.48
79,79,90.37291667,40.19791667,767613.68
80,80,119.1729167,37.76875,761253.28
81,81,48.16041667,30.42708333,756435.6
82,82,42.62708333,-0.25625,745374.32
83,83,67.88125,26.41875,740522.96
84,84,137.20625,-28.42708333,736713.04
85,85,129.3729167,63.47291667,728242.72
86,86,2.83125,12.41041667,726920.16
87,87,-59.90625,-3.14375,714735.28
88,88,28.03125,45.39791667,701229.52
89,89,2.09,13.52,7e+05
90,90,-49.18958333,-5.34375,699576.16
91,91,47.48125,30.98541667,685210.48
92,92,28.91458333,-15.94791667,683379.04
93,93,-157.8854167,64.86041667,666821.32
94,94,104.9520833,11.56875,665658.8
95,95,49.34791667,55.16458333,653336.48
96,96,161.4354167,69.35625,652963.76
97,97,-123.4645833,46.26041667,651407.2
98,98,17.70625,-0.572916667,648280.48
99,99,142.268,-33.7464,647200
100,100,25.95208333,-20.93958333,644114.32
101,101,-36.40625,-10.46458333,637199.24
102,102,59.71458333,44.90625,622506.92
103,103,-114.95625,31.91875,620437.52
104,104,-114.6319,32.7317,618715
105,105,127.5895833,50.24375,616425.36
106,106,-122.7604167,45.65625,610224.8
107,107,14.53125,13.07291667,609863.64
108,108,30.50625,9.51875,608100.92
109,109,-114.1604167,61.30625,607758.56
110,110,14.88958333,12.16458333,604000.8
111,111,68.21875,58.16041667,600578.8
112,112,142.38,-32.4353,575000
113,113,-53.11458333,-22.62708333,574726.56
114,114,-120.9145833,45.63958333,571393.92
115,115,-98.09791667,53.32291667,561701.8
116,116,105.95625,13.54375,560097.56
117,117,120.6729167,60.38125,557028.48
118,118,30.50625,9.514583333,552637.44
119,119,132.51875,47.69791667,552629.8
120,120,110.2770833,34.61875,548969.24
121,121,-66.34375,7.614583333,548819.12
122,122,89.73958333,23.80625,539868.48
123,123,-89.13125,36.98958333,527761.24
124,124,49.35208333,55.16041667,523324.28
125,125,2.835416667,12.41458333,520941.92
126,126,15.04375,12.09791667,515497.96
127,127,42.58958333,-0.05625,513313.96
128,128,-51.79791667,-1.502083333,513313.48
129,129,32.37708333,46.52708333,509823.48
130,130,-152.34375,65.16458333,509645.08
131,131,110.4229167,35.33125,506503.32
132,132,141.9145833,-34.11041667,495471.96
133,133,-54.74375,-2.40625,494551.24
134,134,45.98541667,56.12708333,493758.08
135,135,-97.14791667,25.95625,475503.2
136,136,-114.54375,32.72708333,466505.24
137,137,47.43958333,31.00625,463867.12
138,138,59.71041667,44.90208333,463252.68
139,139,87.98125,65.77291667,456464.2
140,140,126.4270833,64.38125,455223.4
141,141,26.91458333,-5.660416667,453089.76
142,142,17.88125,16.97291667,450953.28
143,143,-82.41041667,44.53125,450208.6
144,144,-90.11458333,38.81041667,446350.76
145,145,-16.47708333,16.06458333,443989.52
146,146,137.20625,-28.42291667,442135.84
147,147,110.4270833,37.04375,441119.72
148,148,39.25208333,47.09375,437307.76
149,149,71.18541667,57.70208333,428450.84
150,150,20.20625,-28.51875,428259.72
151,151,24.84375,-21.19375,424641.64
152,152,105.51875,15.32291667,420814.64
153,153,70.65208333,29.10625,419633.24
154,154,0.652083333,5.79375,412648.8
155,155,20.45208333,44.83541667,412149.84
156,156,145.3479167,-30.40625,409833.92
157,157,-91.10208333,33.77708333,409027.04
158,158,33.51458333,-25.17291667,407138.96
159,159,63.50208333,39.17708333,405848.4
160,160,74.60208333,46.38541667,404800.52
161,161,-15.69375,16.47291667,393519.68
162,162,113.25625,22.39791667,389565.48
163,163,86.19375,41.03958333,386911.24
164,164,-48.70625,-5.36875,386072.96
165,165,145.937,-30.0879,386000
166,166,68.21458333,58.16041667,385683.48
167,167,40.25208333,47.25208333,379756.52
168,168,95.03958333,16.36041667,376349.6
169,169,21.23923533,-28.45790547,364560
170,170,25.26041667,-17.78958333,362355.2
171,171,137.2104167,-28.41875,360229.64
172,172,92.98541667,58.09375,359329.2
173,173,-67.45208333,6.189583333,352421.56
174,174,-43.14375,-11.10208333,347822.64
175,175,20.54375,-28.74375,347209.52
176,176,40.53541667,64.52708333,346666.12
177,177,33.51875,-24.73125,345110.48
178,178,151.7229167,70.97291667,341227.44
179,179,-145.33125,66.60625,340353.2
180,180,22.74591331,-29.65171083,339310
181,181,6.75625,7.78125,338967.72
182,182,63.65625,39.10208333,337555.52
183,183,-98.10208333,53.32708333,335029.54
184,184,-41.84375,-2.802083333,332986.46
185,185,60.95208333,46.33541667,325885.84
186,186,18.08958333,9.452083333,322359.9
187,187,93.85625,26.85208333,320576.34
188,188,68.59375,23.94375,319156.38
189,189,20.20625,-28.51458333,316423.82
190,190,53.95625,67.98958333,312705.44
191,191,82.24375,16.71041667,310380.06
192,192,-48.70625,-5.360416667,308344.94
193,193,32.50625,15.63958333,308194.62
194,194,44.22291667,32.59375,305975.56
195,195,20.84791667,30.13125,305376.1
196,196,-94.18958333,58.66875,302499.9
197,197,0.089583333,7.61875,301109.66
198,198,105.25625,72.77291667,300825.82
199,199,-111.4145833,58.99791667,298825
200,200,42.76875,0.172916667,298252.84
201,201,146.864,-29.9472,297850
202,202,23.57510692,-29.1828515,296170
203,203,-62.16875,-39.86875,294183.04
204,204,121.4895833,53.33125,293767.54
205,205,-111.4104167,59.00208333,292496.94
206,206,70.65208333,29.10208333,287889.84
207,207,-111.8020833,36.19791667,285991.72
208,208,30.25625,59.91875,285331.22
209,209,16.77291667,-1.347916667,285042.84
210,210,55.38125,39.36041667,281499.6
211,211,80.93541667,40.48541667,277748.4
212,212,-121.30625,61.85625,275685.5
213,213,-43.46041667,-13.13541667,272102.68
214,214,-119.0354167,46.19375,269625.12
215,215,-114.1604167,61.31041667,267547.16
216,216,26.91875,-5.660416667,266514
217,217,-58.10208333,-32.94375,266131.56
218,218,97.66041667,16.55208333,265228.4
219,219,32.64375,-24.11041667,261202.82
220,220,-119.03125,46.19791667,260938.7
221,221,-74.84375,11.06875,260738.96
222,222,113.14375,29.45625,260551.32
223,223,40.90208333,47.60208333,259242.96
224,224,80.83541667,15.76041667,258782.42
225,225,20.27291667,45.13541667,257413.98
226,226,95.27291667,27.71458333,256374.24
227,227,-12.05625,14.71875,255072.1
228,228,-64.98541667,-38.81458333,251775.82
229,229,23.37291667,-20.13541667,251264.58
230,230,141.9145833,-34.11458333,249850.18
231,231,14.52291667,13.08125,249808.12
232,232,137.2104167,-28.42291667,247816.1
233,233,30.52708333,50.54375,245633.6
234,234,-93.95208333,63.92708333,244858.3
235,235,43.98958333,56.33541667,244308.24
236,236,146.31875,-29.95208333,243195.86
237,237,-91.66458333,30.98958333,239195.08
238,238,-42.83958333,-5.035416667,238319.6
239,239,90.12291667,61.58125,237673.4
240,240,49.26875,23.25208333,237160.88
241,241,-104.4727,48.125,237132.6
242,242,43.98541667,56.33958333,235213.96
243,243,136.5895833,71.52291667,233392.94
244,244,112.58125,59.48125,233372.92
245,245,127.59375,50.24791667,232076.46
246,246,102.20625,20.05625,231704.04
247,247,-122.96875,49.15625,230830.72
248,248,42.58541667,-0.060416667,230634.3
249,249,-50.21041667,-9.84375,228748.46
250,250,138.9270833,-26.83541667,227236.28
251,251,-60.58125,-31.72291667,225844.4
252,252,-51.03958333,-20.16875,223581.46
253,253,43.73541667,1.21875,221362.62
254,254,47.44375,31.01041667,221326.96
255,255,119.7979167,73.00625,217722.92
256,256,74.59791667,46.38541667,216797.84
257,257,8.91875,-1.00625,215217.48
258,258,31.56875,9.385416667,214881.24
259,259,42.76458333,0.177083333,214441.44
260,260,-83.82708333,45.73125,214026.6
261,261,11.73541667,18.75208333,211532.02
262,262,117.71875,38.98958333,211331.08
263,263,18.92291667,45.55208333,211258.24
264,264,51.64375,46.91041667,210581.24
265,265,52.97708333,21.40208333,210104.68
266,266,120.6770833,60.38125,208375.96
267,267,-110.9020833,37.18541667,207533.26
268,268,33.97708333,17.67708333,205095.16
269,269,61.75208333,31.48958333,204445.06
270,270,-43.90208333,-14.59791667,204214.2
271,271,86.19791667,41.03125,203047.68
272,272,72.23958333,33.90208333,201574.88
273,273,121.4895833,53.33541667,200833.38
274,274,112.5770833,59.47291667,197263.98
275,275,74.43541667,46.31875,196700.54
276,276,-139.41875,63.28958333,196663.34
277,277,135.0520833,48.46458333,195730.48
278,278,18.93541667,54.31041667,192632.1
279,279,121.83125,40.96458333,191233.88
280,280,-66.83958333,-36.29375,189763.46
281,281,49.39791667,39.31458333,188377.66
282,282,74.60625,46.38958333,185990.68
283,283,23.63541667,-29.06875,185499.6
284,284,103.3604167,36.11875,184333.26
285,285,-83.82708333,45.72708333,184283.08
286,286,4.122916667,11.38541667,182447.06
287,287,39.35208333,-7.772916667,177136.24
288,288,16.18958333,-18.85208333,174242
289,289,-116.7895833,45.85208333,173889.98
290,290,175.20625,64.71875,172110.96
291,291,119.80625,32.31458333,172079.42
292,292,18.160035,47.745075,171624.13
293,293,87.15208333,73.85625,169628.74
294,294,20.78541667,-18.02291667,169166.18
295,295,42.63958333,49.58125,168577.06
296,296,143.492,-34.665,166000
297,297,114.2770833,30.56458333,165306.1
298,298,4.152083333,51.96041667,163008.46
299,299,-125.60625,64.89791667,162692.56
300,300,116.2354167,29.76041667,162424.28
301,301,35.31875,-17.69375,161058.34
302,302,6.395395,51.756918,159300
303,303,23.58541667,29.65208333,158695.82
304,304,28.91458333,-15.94375,156563.16
305,305,40.39791667,-10.51041667,155316.4
306,306,25.26041667,-17.79375,155286.28
307,307,29.36458333,-22.19375,155088.56
308,308,-58.59375,6.447916667,154860.56
309,309,20.28125,45.13958333,154073.14
310,310,-0.985416667,8.65625,154022.88
311,311,-42.85625,-6.252083333,152536.14
312,312,-67.71458333,4.077083333,151606.92
313,313,80.00208333,67.11458333,150289.18
314,314,13.16041667,-9.33125,150086.56
315,315,-114.4205,32.7609,149831.5
316,316,30.41875,-15.61875,149540.06
317,317,35.13,-16.55,149500
318,318,36.14375,3.372916667,149328.6
319,319,-98.282,40.8745,149313.5
320,320,-64.72708333,-29.96458333,149003.04
321,321,-114.54375,32.72291667,148871.94
322,322,-11.38958333,14.42291667,148278.58
323,323,106.1354167,50.25208333,148134.74
324,324,-73.78958333,45.39791667,147405.8
325,325,93.40208333,49.11458333,146784.7
326,326,146.3145833,-29.94791667,146317.34
327,327,-4.20625,14.50625,145807.12
328,328,-68.12708333,-19.18541667,145278.98
329,329,18.08958333,9.45625,144860.36
330,330,44.96875,5.03125,144786.02
331,331,100.5604167,13.61458333,144308.82
332,332,63.29791667,48.14791667,143951.68
333,333,-51.03541667,-20.16875,143484.02
334,334,74.09791667,46.04791667,141350.34
335,335,150.7020833,-23.50625,140914.34
336,336,48.73541667,6.402083333,140784.34
337,337,71.18541667,57.69791667,139340.12
338,338,106.53125,20.31458333,138855.56
339,339,34.81,-16.03,138600
340,340,9.864583333,53.54375,138382.28
341,341,-66.34375,7.61875,136723.62
342,342,24.84791667,-21.19791667,136520.94
343,343,150.107,-23.089,135757
344,344,51.96041667,22.74791667,135645.44
345,345,-68.48125,58.02708333,135538.46
346,346,86.65625,20.33125,135526.08
347,347,110.2729167,34.61041667,135138.94
348,348,-81.57291667,52.29375,134726.16
349,349,-50.71041667,-11.75208333,134697.62
350,350,9.652083333,3.547916667,133624.4
351,351,29.03125,-22.22708333,133109.78
352,352,148.061,-30.0153,132200
353,353,10.88881,53.232275,131950
354,354,106.1395833,50.25208333,131779.3
355,355,-105.0770833,53.23125,131442.04
356,356,27.37708333,17.49791667,131109.62
357,357,41.87708333,54.74791667,130724.4
358,358,65.77708333,66.14375,130409.32
359,359,35.2,-15.07,130200
360,360,23.36875,-20.14375,129704.1
361,361,147.5229167,-19.66458333,129696.24
362,362,-4.202083333,14.50625,129494.38
363,363,-121.94375,38.05625,124352.62
364,364,99.73541667,76.11458333,123854.82
365,365,-92.67291667,18.56458333,123641.06
366,366,-162.41875,60.03541667,123076.7
367,367,-105.44375,21.63958333,122677.26
368,368,-105.0854167,53.23541667,121598.86
369,369,24.60069589,-28.51622689,121220
370,370,138.93125,-26.83958333,121112.78
371,371,96.1,21.98,120193
372,372,30.49791667,51.17708333,119911.42
373,373,105.51875,15.31875,119867.8
374,374,14.60208333,53.55625,118791.1
375,375,-95.33958333,67.15625,118549.88
376,376,68.32291667,37.11041667,116798.48
377,377,-1.972916667,47.28958333,116722.86
378,378,62.98958333,28.23541667,116685.06
379,379,143.342,-34.8472,116393
380,380,76.72708333,44.29791667,115833.18
381,381,-109.8895833,38.18958333,115603.28
382,382,-152.34375,65.16041667,114608.48
383,383,79.41875,39.79791667,113684.54
384,384,115.7854167,47.77291667,113024.74
385,385,-62.80208333,-40.99375,112937.94
386,386,-88.03541667,30.68125,112529.98
387,387,-0.98125,8.65625,111517.46
388,388,-102.1354167,17.95208333,111463.92
389,389,77.88125,67.36458333,111252.32
390,390,-0.83,47.38,110000
391,391,14.31777778,52.76416667,109810.7
392,392,95.16458333,37.01875,109629.06
393,393,14.14305556,52.865,109564
394,394,-95.37708333,28.87708333,109492.56
395,395,-67.45208333,6.19375,109267.18
396,396,11.75625,-17.24375,108943.04
397,397,-116.4209,43.2918,108521
398,398,140.7354167,-17.53541667,107783.52
399,399,-80.46041667,51.32708333,107727.46
400,400,20.48125,-17.94791667,107643.18
401,401,-92.24791667,57.01875,107549.66
402,402,42.30625,49.60625,107149.02
403,403,-45.10208333,-16.56875,107018.46
404,404,-95.97708333,28.59791667,106729.92
405,405,30.50208333,51.17708333,105812.48
406,406,36.68125,25.89375,104464.28
407,407,30.48541667,23.51041667,103752
408,408,54.78125,21.23958333,103186.68
409,409,-11.38958333,14.42708333,102685.1
410,410,35.06041667,-20.93125,102590.66
411,411,-10.81875,13.81041667,102170.66
412,412,-53.11041667,-22.62708333,101738.66
413,413,-87.64375,55.98125,101171.98
414,414,-67.71041667,4.077083333,100975.12
415,415,115.74375,-32.03958333,99518.72
416,416,129.9270833,-15.44375,99412.46
417,417,23.69594394,-29.16201978,99316
418,418,-4.977083333,5.139583333,99252.92
419,419,40.89375,47.60208333,98720.24
420,420,28.00392156,-22.93476395,98240
421,421,-1.227083333,29.17291667,97980.1
422,422,-8.647916667,41.14791667,97238.72
423,423,23.63541667,-29.07291667,97116.78
424,424,67.87708333,26.41875,97040.42
425,425,-78.91041667,53.81458333,96570.1
426,426,72.85625,21.66875,96044.16
427,427,4.80625,43.38125,95895.46
428,428,123.5854167,-17.57708333,95694.54
429,429,146.7645833,-29.35625,95584.92
430,430,40.51875,-2.53125,95248.84
431,431,-65.04791667,-43.32291667,95222.04
432,432,0.247916667,22.01458333,94901.74
433,433,41.78125,11.15625,94540.7
434,434,-11.12291667,28.68125,94290.04
435,435,56.38125,35.15625,93374.3
436,436,-60.18541667,53.31875,92709.58
437,437,72.23541667,33.90208333,92571.56
438,438,21.25208333,55.34375,92523.86
439,439,-62.71458333,8.347916667,92045.96
440,440,-145.33125,66.61041667,91659.1
441,441,92.88541667,40.33958333,91361.42
442,442,44.23541667,26.77291667,91072.5
443,443,7.339583333,32.42708333,90161.12
444,444,113.5520833,73.23125,89818.66
445,445,6.347916667,34.19791667,89136.92
446,446,-43.39375,-6.83125,89132.4
447,447,-110.2577,48.005,89041.6
448,448,14.52291667,13.07708333,89011.98
449,449,30.53125,50.54791667,88489.92
450,450,15.03958333,12.09791667,88321.46
451,451,104.9520833,11.56458333,88253.82
452,452,-69.76458333,48.13958333,87595.8
453,453,20.45208333,44.83125,87197.08
454,454,-112.83125,41.41041667,86895.52
455,455,-2.935416667,10.71041667,86226.4
456,456,-57.36041667,-35.74791667,86110.06
457,457,-97.78958333,22.25625,85839.74
458,458,24.07291667,57.03958333,85612.96
459,459,90.60625,23.27708333,85401.1
460,460,51.82291667,34.70625,84819.3
461,461,17.47291667,12.84375,84585.46
462,462,109.1895833,-0.139583333,83876.64
463,463,-3.727083333,5.19375,83109.03
464,464,17.17708333,-28.09791667,83035.63
465,465,-39.79375,-19.60625,82937.23
466,466,90.37291667,40.20625,82860.78
467,467,50.66458333,48.26041667,82781.77
468,468,147.313,-29.0296,82162.1
469,469,137.20625,-28.41875,81906.02
470,470,85.96875,45.81041667,81711.17
471,471,32.64375,-24.11458333,81485.68
472,472,-157.8854167,64.86458333,80724.99
473,473,144.46875,-3.902083333,80131.23
474,474,26.46388889,-27.38972222,79903
475,475,32.20208333,-7.914583333,79610.05
476,476,137.8645833,-1.59375,79015.76
477,477,105.95625,13.53958333,79015.17
478,478,20.53958333,-28.74375,78755.26
479,479,-4.91875,16.55208333,78587.74
480,480,79.81458333,11.36458333,78369.78
481,481,133.0854167,-18.68125,78249.68
482,482,135.33125,-14.73958333,77474.17
483,483,-43.14375,-11.09791667,77451.6
484,484,114.91875,-21.69375,77104.09
485,485,79.41875,39.80625,76776.65
486,486,44.14375,65.88541667,76752.69
487,487,-102.4172,31.1131,76560.4
488,488,117.33125,-0.747916667,76429.54
489,489,80.94375,40.48125,76059.67
490,490,0.097916667,7.61875,75691.83
491,491,35.96458333,41.73125,75678.81
492,492,-42.85208333,-6.252083333,75430.11
493,493,67.72708333,44.95625,75344.62
494,494,-6.102083333,4.972916667,75334.54
495,495,52.45625,47.02291667,74239.91
496,496,-87.7528,38.402,74164.7
497,497,113.65625,-24.86875,73672.02
498,498,-37.78541667,-4.44375,73489.62
499,499,12.51458333,44.96041667,73289.64
500,500,0.510416667,49.48541667,73249.17
501,501,66.93958333,45.13541667,73165.43
502,502,30.47291667,46.07291667,73157.84
503,503,-110.5895833,27.65625,72968.78
504,504,-16.14791667,13.43541667,72616.96
505,505,48.16458333,30.42708333,72045.17
506,506,-51.25625,-30.01458333,71807.91
507,507,142.91875,-29.35625,71783.05
508,508,58.55208333,30.68541667,71698.12
509,509,75.91458333,35.22708333,71509.95
510,510,115.499,-22.5443,71387
511,511,100.6770833,42.41041667,71257.32
512,512,-58.35208333,-33.38541667,71072.9
513,513,-38.86458333,-15.84791667,70981.55
514,514,-76.09791667,39.56875,70980.33
515,515,-8.99375,38.93958333,70756.03
516,516,25.891513,56.497575,70500
517,517,58.82291667,27.41875,69818.13
518,518,-13.37291667,27.21875,69516.17
519,519,53.04375,46.93125,69264.33
520,520,44.21458333,32.59375,68783.09
521,521,-82.40625,44.53125,68517.65
522,522,63.65625,39.10625,68069.51
523,523,-67.37708333,-32.36458333,67995.14
524,524,-109.8854167,38.18958333,67936.5
525,525,-111.7979167,36.19375,67719.53
526,526,-8.375,39.461,67482.3
527,527,45.98541667,56.12291667,67239.64
528,528,-7.402083333,37.17708333,66926.54
529,529,-128.8729167,69.66458333,66586.77
530,530,-54.01458333,5.585416667,66408.64
531,531,29.471111,46.830556,66100
532,532,-78.91875,51.21458333,66053.71
533,533,-144.9104167,60.48125,65703.55
534,534,114.1604167,-27.70208333,65654.06
535,535,-85.16458333,55.26458333,65635.28
536,536,61.29791667,31.48958333,65620.45
537,537,148.689,-29.353,64800
538,538,-72.03958333,66.67291667,64751.39
539,539,-110.9020833,37.18125,64725.44
540,540,49.84375,7.960416667,64696.71
541,541,14.01458333,27.41458333,64664.25
542,542,135.6479167,-18.79791667,64371.71
543,543,153.6604167,70.84791667,64313.39
544,544,-57.13541667,5.789583333,64284.54
545,545,37.86041667,18.60208333,63986.65
546,546,38.00208333,63.93541667,63771.19
547,547,142.4020833,-8.277083333,63708.02
548,548,141.6770833,-15.24375,63660.54
549,549,81.67291667,46.15208333,63248.14
550,550,5.80625,27.36041667,63044.13
551,551,30.64791667,41.12708333,62798.63
552,552,51.23125,22.24375,62643.1
553,553,124.36875,40.03125,62213.03
554,554,-7.633,37.803,61884.9
555,555,-109.8854167,50.91875,61815.73
556,556,-50.71458333,-11.75208333,61613.28
557,557,-0.885416667,24.91875,61611.05
558,558,-7.998,39.48,61539.9
559,559,40.52291667,-13.51875,61392.69
560,560,28.7839,61.2107,61061
561,561,42.31458333,49.61041667,61052.32
562,562,75.91458333,35.23125,60982.49
563,563,135.2645833,54.71458333,60970.78
564,564,119.5104167,26.06041667,60893.05
565,565,35.11458333,-3.59375,60814.16
566,566,114.2979167,-3.310416667,60622.81
567,567,20.48125,-17.95208333,60249.9
568,568,165.2354167,62.47291667,60100.4
569,569,2.439583333,6.364583333,59907.92
570,570,11.71458333,-4.472916667,59760.46
571,571,-94.69375,60.45625,59709.92
572,572,-150.9645833,70.41458333,59613.22
573,573,30.80625,51.94791667,59389.87
574,574,33.51875,-24.72708333,59362.62
575,575,143.59375,-30.80208333,59266.89
576,576,-100.3707,35.935,59222.9
577,577,-12.40625,17.61458333,59113.09
578,578,119.78125,34.46458333,58812.6
579,579,49.94375,37.46875,58651.4
580,580,20.78541667,-18.01875,58302.46
581,581,-106.3645,48.1297,57839.9
582,582,144.301,-34.4776,57700
583,583,-104.0533,41.9886,57544.6
584,584,46.13958333,23.22708333,57539.9
585,585,-41.03958333,-21.61875,57234.24
586,586,127.4520833,-20.21458333,56928.77
587,587,-6.347916667,36.79791667,56432.85
588,588,55.13541667,19.72708333,56306.16
589,589,28.04375,59.47291667,56229.28
590,590,-52.25208333,-31.78125,56212.23
591,591,46.46458333,-15.97291667,56180.17
592,592,-0.55625,44.99791667,55941.24
593,593,144.881,-33.8695,55900
594,594,-44.81041667,-3.327083333,55843.15
595,595,-38.99375,-14.26875,55393.08
596,596,-99.547226,51.852779,55100
597,597,43.51041667,-21.45208333,54938.47
598,598,-66.07708333,45.26458333,54912.82
599,599,80.16458333,14.56875,54904.54
600,600,105.0229167,-2.402083333,54847.88
601,601,-38.91458333,-12.73541667,54759.59
602,602,71.99791667,66.22291667,54542.93
603,603,130.2770833,-13.31458333,54522.49
604,604,-2.34375,35.12291667,54236.81
605,605,-93.83958333,29.69375,54155.32
606,606,59.71875,44.90208333,53923.85
607,607,87.149645,26.85555,53686
608,608,-118.6479167,39.80625,53631.77
609,609,24.50208333,65.78125,53536.39
610,610,119.1729167,-20.00208333,53454.51
611,611,145.3479167,-30.40208333,53421.71
612,612,162.45625,56.24375,53172.27
613,613,128.8020833,-22.61875,53170.77
614,614,-50.41875,-1.88125,52964.86
615,615,43.72708333,1.222916667,52927.06
616,616,-50.20208333,-9.84375,52757.85
617,617,8.252083333,4.81875,52698.72
618,618,128.3145833,-15.48125,52662.13
619,619,26.03541667,40.74375,52512.14
620,620,16.00208333,31.24791667,52475.02
621,621,37.41875,45.35208333,52399.19
622,622,19.83541667,18.56041667,52304.23
623,623,-115.85778,60.743057,52300
624,624,45.37291667,37.70625,52200.31
625,625,-42.83541667,-5.035416667,52199.58
626,626,74.08958333,46.05208333,52029.65
627,627,-44.56875,-7.235416667,51975.96
628,628,-129.58125,54.21041667,51784.93
629,629,82.88958333,44.91875,51701.59
630,630,137.9979167,-21.05208333,51614
631,631,86.94375,20.77291667,51413.98
632,632,47.61458333,45.49791667,51386.44
633,633,14.2096,50.7822,51120.3
634,634,-139.4145833,63.29791667,51109.9
635,635,-67.38125,-32.36875,50977.26
636,636,-84.98958333,29.73958333,50745.5
637,637,24.5453,65.7927,50683
638,638,47.48541667,30.98541667,50661.33
639,639,-132.2520833,56.68541667,50659.01
640,640,41.88125,54.74791667,50378.49
641,641,-150.5604167,61.36041667,50346.5
642,642,-94.82291667,59.06875,50243.26
643,643,11.22291667,16.04375,50196.48
644,644,122.7104167,-23.41041667,50103.94
645,645,40.25625,47.24791667,49977.36
646,646,11.85208333,57.79791667,49859.07
647,647,-4.339583333,29.53125,49734.1
648,648,-48.49375,-1.485416667,49626.16
649,649,55.09791667,32.11458333,49144.24
650,650,-43.38958333,-6.83125,48641.73
651,651,14.0425,50.6539,48560.5
652,652,55.87291667,21.67708333,48539.86
653,653,44.43125,-19.64375,48011.81
654,654,27.740278,59.000833,47800
655,655,25.540248,66.424056,47425
656,656,8.410416667,33.77708333,47307.46
657,657,37.57708333,2.797916667,46924.04
658,658,32.73125,-25.76875,46725.58
659,659,18.19791667,-31.66041667,46363.85
660,660,51.13125,15.17291667,46349.21
661,661,-102.5229167,25.78541667,46308.12
662,662,-94.69791667,29.75208333,46108.12
663,663,-78.43125,52.23541667,46090.71
664,664,28.02708333,45.40208333,45856.59
665,665,119.2645833,39.42291667,45724.48
666,666,14.73958333,25.26458333,45608.46
667,667,44.97291667,5.03125,45572.19
668,668,81.28764,28.65351,45431
669,669,111.5145833,2.352083333,45413.07
670,670,-15.69375,16.46875,45291.48
671,671,-45.10625,-16.56875,45168.85
672,672,124.3645833,-31.16041667,45115.46
673,673,21.88125,-34.33958333,45082.28
674,674,130.964,-15.5515,44900
675,675,8.497916667,53.33541667,44776.19
676,676,-109.8854167,50.92291667,44043.23
677,677,59.71458333,44.91041667,43751.01
678,678,-7.760416667,27.71458333,43594.99
679,679,-97.51875,27.86458333,43567.78
680,680,127.5770833,-27.70625,43488.13
681,681,21.65333333,-33.98027778,43451
682,682,139.6020833,-17.52708333,43398.33
683,683,35.48541667,31.52291667,43271.86
684,684,62.30208333,43.41458333,43160.15
685,685,14.86041667,15.85625,42982.24
686,686,47.55625,43.61041667,42926.99
687,687,46.82291667,44.43958333,42821.94
688,688,146.9729167,72.29791667,42763.03
689,689,104.1895833,-1.097916667,42680.52
690,690,-50.10208333,1.210416667,42497.13
691,691,30.81041667,51.94791667,42199.08
692,692,55.78541667,26.99791667,42103.69
693,693,-12.05625,14.72291667,42008.4
694,694,-72.52291667,46.33958333,41991.35
695,695,-78.69375,51.49375,41986.87
696,696,-70.08958333,58.77708333,41858.02
697,697,52.86458333,32.12291667,41661.1
698,698,38.84791667,-6.15625,41560.91
699,699,-49.18958333,-5.347916667,41529.28
700,700,95.27291667,27.71041667,41499
701,701,34.68125,64.95625,41491.99
702,702,-83.58541667,10.78125,41214.42
703,703,-77.73958333,55.27291667,41172.31
704,704,10.94791667,59.19375,41121.95
705,705,-79.25625,33.36458333,40953.31
706,706,-70.99791667,60.07291667,40952.57
707,707,-66.01041667,58.48958333,40742.03
708,708,101.5770833,41.96041667,40730.02
709,709,104.6145833,41.45625,40599.22
710,710,24.16875,65.81041667,40545.36
711,711,23.22708333,29.71458333,40503.42
712,712,51.26875,28.14791667,40250.56
713,713,18.92291667,45.54375,40249.77
714,714,110.4229167,35.32708333,40072.64
715,715,-98.1781,28.4275,39956
716,716,-79.25625,33.15625,39730.15
717,717,-95.74791667,18.74791667,39661.21
718,718,-10.82708333,13.80625,38996.71
719,719,-105.1633,42.6505,38914.8
720,720,131.9645833,71.23958333,38863.43
721,721,123.79375,-22.48541667,38808.17
722,722,68.31458333,37.11458333,38706.55
723,723,20.76458333,18.19791667,38309.79
724,724,-104.3227,32.9884,38228.4
725,725,-6.65625,34.26875,37813.32
726,726,9.125,52.964,37720
727,727,53.56458333,34.66041667,37530.65
728,728,-81.38958333,31.33541667,37509.7
729,729,64.79791667,29.17291667,37460.21
730,730,103.6145833,44.52708333,37302.35
731,731,48.19375,15.81458333,37126.13
732,732,26.71638889,-30.67833333,37070
733,733,-106.1422,35.8747,37037
734,734,-64.98541667,-38.81875,36956.23
735,735,110.4270833,37.04791667,36898.77
736,736,115.8229167,-29.73125,36624.61
737,737,53.94375,37.42291667,36401.23
738,738,36.65625,41.38125,36321.92
739,739,26.8174654,60.69837868,36275
740,740,-116.7895833,45.85625,36186.08
741,741,-76.94791667,8.122916667,35996.67
742,742,-158.43125,59.01458333,35917.52
743,743,123.8395833,-19.43958333,35899.38
744,744,-70.06041667,-21.43125,35438.44
745,745,-8.339583333,33.30625,35399.7
746,746,146.7604167,-29.34791667,35156.52
747,747,24.27708333,29.67708333,35149.52
748,748,-116.3239,45.7503,35094.5
749,749,-89.3565,41.1073,35076.4
750,750,42.64375,49.58125,34914.29
751,751,89.28958333,42.66041667,34859.63
752,752,-109.41875,25.82708333,34844
753,753,25.03125,-33.96875,34805.21
754,754,-74.01458333,40.73541667,34791.52
755,755,65.49375,25.38125,34557.64
756,756,-43.46875,-13.13541667,34405.86
757,757,146.549,-34.7552,34200
758,758,96.92291667,17.30208333,34068.24
759,759,93.85625,26.85625,33952.67
760,760,24.0211,66.0307,33929.6
761,761,57.87291667,34.78541667,33598.53
762,762,-67.70625,-31.03541667,33460.04
763,763,-106.9645833,31.15208333,33345.34
764,764,113.5229167,23.04791667,33310.7
765,765,152.38125,-24.79375,33211.53
766,766,130.6645833,42.31458333,33171.07
767,767,137.99375,-21.05625,33116.24
768,768,-16.57708333,14.04375,32922.46
769,769,103.3604167,36.12291667,32883.58
770,770,137.8604167,-31.25208333,32840.78
771,771,4.66875,51.72291667,32770.7
772,772,-79.83958333,-2.397916667,32683.97
773,773,-162.4229167,67.06041667,32534.82
774,774,43.77291667,-23.56458333,32381.58
775,775,34.76041667,4.96875,31900.79
776,776,30.24791667,52.54791667,31851.46
777,777,145.0104167,-7.814583333,31687.67
778,778,84.42762,27.72548,31650
779,779,99.13958333,45.58958333,31606.91
780,780,-38.93958333,-15.68958333,31591.76
781,781,-67.67291667,58.08541667,31579.13
782,782,17.61458333,63.16458333,31435.61
783,783,34.78125,64.52291667,31323.54
784,784,-3.41875,12.74375,31187.86
785,785,133.5145833,-17.83125,31166.54
786,786,-124.04375,41.52291667,31130.42
787,787,-66.84375,-36.29375,31094.76
788,788,61.67291667,25.17708333,31058.35
789,789,9.822916667,2.347916667,30962.85
790,790,91.31041667,45.75208333,30876.07
791,791,-115.09375,67.80625,30833.04
792,792,-43.89375,-14.59791667,30808.78
793,793,-111.25417,56.685276,30800
794,794,-108.4674,45.8,30575
795,795,30.20625,22.84791667,30515.36
796,796,106.3104167,42.23958333,30330.13
797,797,113.65625,-24.16875,30326.52
798,798,-77.02708333,38.85625,30316.57
799,799,32.67708333,-26.34791667,30280.37
800,800,27.13541667,-33.49375,30263.22
801,801,-161.21875,66.57708333,30059.88
802,802,72.38125,22.38541667,29977.49
803,803,122.3229167,-26.11875,29956.9
804,804,117.60625,2.922916667,29917.32
805,805,-93.80208333,64.21458333,29836.7
806,806,106.7479167,10.49791667,29759.38
807,807,-7.539583333,4.372916667,29623.06
808,808,-79.7184,40.6153,29551.9
809,809,14.52291667,-22.68958333,29452.05
810,810,116.8520833,23.45625,29396.96
811,811,133.0520833,-29.63958333,29369.33
812,812,70.50208333,23.11041667,29277.84
813,813,-79.76875,51.14791667,29226.72
814,814,89.04791667,31.77708333,29077.11
815,815,29.36458333,-22.18958333,29066.43
816,816,26.685973,66.36779,29021
817,817,-72.34791667,41.31041667,28999.23
818,818,-122.7645833,45.65625,28948.98
819,819,103.44375,3.51875,28865.1
820,820,51.02291667,10.43125,28619.44
821,821,-75.51041667,39.70208333,28584.29
822,822,-111.6979167,49.93541667,28558.61
823,823,47.18125,-15.42708333,28533.55
824,824,17.43541667,60.63541667,28435
825,825,-3.28125,5.147916667,28153.08
826,826,62.20625,29.84791667,28100.24
827,827,-138.5895833,59.16458333,28067.82
828,828,138.4229167,-5.65625,27955.81
829,829,122.1604167,40.70625,27824.55
830,830,60.54791667,33.90625,27795.29
831,831,53.66458333,39.94375,27746.87
832,832,121.64375,18.32708333,27711.93
833,833,-71.74375,9.335416667,27553.31
834,834,-120.9145833,45.63541667,27549.56
835,835,20.31041667,63.76041667,27547.25
836,836,27.353,66.4757,27424
837,837,95.7,26,27420
838,838,-67.70208333,-31.03125,27147.89
839,839,129.1604167,-29.09791667,27130.05
840,840,7.168276,50.143351,27088
841,841,-68.61458333,-49.97291667,26959.82
842,842,-73.57291667,-47.79375,26814.19
843,843,26.91458333,60.49791667,26798.28
844,844,131.0229167,-24.84791667,26759.03
845,845,-0.285416667,34.06041667,26608.06
846,846,17.40625,62.53125,26414.86
847,847,33.04791667,69.04791667,26402.91
848,848,149.0895833,59.63541667,26138.47
849,849,22.1142,61.3375,26117
850,850,-51.61041667,4.202083333,26097.74
851,851,102.2145833,20.05625,26058.02
852,852,42.48125,31.39791667,26046.14
853,853,100.0395833,42.23125,26040.58
854,854,-112.9854167,30.53125,25987.26
855,855,4.91875,35.42708333,25882.36
856,856,25.45625,65.01458333,25804.17
857,857,-105.5020833,21.75625,25736.29
858,858,-44.57291667,-7.235416667,25645.2
859,859,16.835,48.38361111,25623.8
860,860,76.88541667,54.79791667,25548.28
861,861,52.91875,41.04791667,25531.51
862,862,16.84698,48.38178,25521.3
863,863,-81.2687,32.5282,25511.5
864,864,-108.09375,66.85625,25410.74
865,865,126.7895833,37.61458333,25245.35
866,866,10.28541667,-2.989583333,25075.33
867,867,30.24375,52.54791667,24894.71
868,868,8.714986,50.105773,24764
869,869,-47.38958333,-24.63958333,24753.15
870,870,27.35861111,-30.33638889,24745
871,871,40.43125,-11.67291667,24704.72
872,872,20.96041667,30.54375,24636.16
873,873,-83.14791667,14.98958333,24600.67
874,874,-69.79375,43.85625,24591.02
875,875,21.70208333,61.54791667,24568.21
876,876,77.58541667,67.91458333,24517.3
877,877,-76.70208333,35.92708333,24470.97
878,878,-156.9229167,58.97708333,24366.88
879,879,27.19375,37.54375,24363.86
880,880,57.85208333,43.14375,24306.54
881,881,-73.15208333,-36.81041667,24252.15
882,882,108.0979167,43.38958333,23956.36
883,883,-65.92291667,-47.75625,23937.41
884,884,-111.69375,49.93958333,23861.56
885,885,-66.81458333,-42.86458333,23805.92
886,886,81.81458333,70.21041667,23677.05
887,887,139.879,-18.233,23660
888,888,58.55208333,20.52291667,23465.77
889,889,121.58125,40.84375,23442.76
890,890,-62.41041667,-35.98958333,23382.88
891,891,128.99375,35.20625,23296.41
892,892,19.76458333,28.44791667,23262.71
893,893,22.812,66.1697,23102.9
894,894,37.35625,-17.66041667,23075.31
895,895,26.44475,-33.09825,23067
896,896,13.80208333,-10.86458333,22908.28
897,897,13.49375,-10.23541667,22892.33
898,898,25.4734,65.0226,22841
899,899,-93.33541667,62.06041667,22820.57
900,900,18.15208333,59.32291667,22700.16
901,901,115.1729167,-34.32291667,22582.64
902,902,153.3645833,-29.43125,22150.69
903,903,103.6020833,39.15208333,22142.49
904,904,41.57708333,41.60625,22011.39
905,905,-88.60625,30.39791667,21775.55
906,906,159.95625,70.10208333,21526.64
907,907,93.00625,20.64375,21445.08
908,908,-94.40625,18.16041667,21350.6
909,909,151.74375,-32.85208333,21293.66
910,910,-55.93125,5.80625,21204
911,911,-116.8979167,36.37708333,21174.1
912,912,-72.40625,-35.31875,21105.12
913,913,-78.83541667,51.35208333,21100.17
914,914,148.107,-35.0751,21100
915,915,53.54375,29.73958333,21097.13
916,916,95.26458333,43.74791667,21092.84
917,917,42.43541667,28.73958333,21078.98
918,918,-9.814583333,25.02708333,21076.19
919,919,-98.5572,28.3089,20960.9
920,920,-97.77708333,23.78125,20950.03
921,921,-89.64791667,30.16458333,20909.59
922,922,174.4770833,69.84791667,20818.94
923,923,30.1308,62.7698,20816
924,924,61.51041667,25.18125,20677.98
925,925,-6.514583333,24.66041667,20633.48
926,926,169.8104167,-46.34375,20630.37
927,927,169.7479827,-46.23727971,20582
928,928,-3.41875,12.73958333,20526.98
929,929,87.43541667,44.66875,20449.3
930,930,102.5770833,0.16875,20388.69
931,931,-91.2852,41.41,20168.3
932,932,-9.34375,32.03125,20121.26
933,933,85.63958333,30.94791667,20080.06
934,934,-115.8354167,33.33541667,20050.79
935,935,53.83958333,45.26458333,20016.17
936,936,0.544384,47.048799,19920
937,937,11.91458333,-15.72291667,19893.45
938,938,26.7815,64.5721,19839
939,939,-129.6020833,55.01041667,19829.5
940,940,12.85208333,-7.202083333,19509.52
941,941,29.02708333,-22.22708333,19413.7
942,942,125.5604167,38.69791667,19403.92
943,943,-59.60625,50.46875,19337.52
944,944,35.668056,-16.084722,19300
945,945,12.346825,52.609013,19288
946,946,100.9270833,1.810416667,19228.42
947,947,34.81041667,46.14791667,19206.92
948,948,113.3229167,-3.214583333,19132.39
949,949,147.991,-33.4108,19000
950,950,74.43541667,46.32291667,18972.97
951,951,45.78541667,-15.79791667,18932.45
952,952,40.40625,14.02708333,18913.81
953,953,36.91041667,4.689583333,18650.81
954,954,33.42708333,38.71041667,18630.23
955,955,-70.93125,-27.31458333,18467.27
956,956,-97.78958333,15.98541667,18345.83
957,957,-77.26458333,37.31875,18243.72
958,958,-68.57291667,-49.92291667,18118.39
959,959,-152.74375,70.85625,17990.38
960,960,52.24791667,16.21458333,17961.41
961,961,30.11875,69.68125,17831.29
962,962,144.6645833,-4.022916667,17822.6
963,963,-81.12708333,-4.885416667,17760.73
964,964,-103.9895833,68.03958333,17693.19
965,965,25.8879,62.245,17684
966,966,158.29375,58.02708333,17604.17
967,967,-114.5397,36.643,17560.2
968,968,51.91458333,23.97708333,17552.84
969,969,23.85208333,56.96875,17504.11
970,970,-119.0520833,40.90208333,17492.29
971,971,103.44375,-0.35625,17440.37
972,972,-57.06041667,-36.30208333,17420.99
973,973,-133.9229167,58.50208333,17420.45
974,974,151.403,-32.6606,17320
975,975,57.99791667,20.43541667,17164.55
976,976,126.028,-17.6722,17151.7
977,977,39.65625,-9.477083333,17134.31
978,978,-88.7244,30.9778,17068.1
979,979,42.94791667,38.64375,17045.76
980,980,-99.9195,31.516,17026.7
981,981,-89.8209,30.7932,17024.1
982,982,-5.00625,20.70208333,16957.19
983,983,28.18958333,27.32708333,16948.85
984,984,-51.76875,-31.27708333,16910.5
985,985,64.93125,69.25625,16884.2
986,986,28.26458333,70.43125,16749.74
987,987,12.24791667,41.73958333,16667.74
988,988,-8.772916667,41.92291667,16651.44
989,989,144.3729167,-7.510416667,16574.61
990,990,25.33541667,65.31458333,16478.76
991,991,27.05625,29.91041667,16441.18
992,992,151.171,-32.5602,16400
993,993,-69.42291667,-51.08541667,16309.1
994,994,-93.98541667,61.39375,16288.11
995,995,27.7686,62.5499,16270
996,996,35.97291667,-2.552083333,16235.44
997,997,-67.01458333,-37.39791667,16177.73
998,998,12.96458333,20.20208333,16108.54
999,999,-61.69791667,50.13958333,16075.62
1000,1000,30.56875,23.46041667,16066.26
1001,1001,140.8020833,35.75208333,15912.74
1002,1002,98.03958333,40.39791667,15872.13
1003,1003,112.6354167,-7.064583333,15836.11
1004,1004,-57.53541667,6.247916667,15817
1005,1005,-116.80625,71.26458333,15778.48
1006,1006,136.317,-16.0818,15700
1007,1007,-39.55625,-18.09791667,15613.56
1008,1008,2.927083333,30.44375,15429.59
1009,1009,-97,55.7431,15400
1010,1010,16.1697,58.5887,15394.9
1011,1011,-2.935416667,10.70625,15300.93
1012,1012,-111.7163,34.0731,15174.8
1013,1013,-71.63541667,-33.61875,15099.68
1014,1014,-73.69791667,-40.23958333,15088.75
1015,1015,-160.28125,66.59791667,15073.95
1016,1016,66.32291667,45.86458333,15014.11
1017,1017,-109.6958,48.5639,14983.2
1018,1018,-115.5229167,67.88125,14747.03
1019,1019,15.9962,46.371,14661.5
1020,1020,96.47,18.92,14660
1021,1021,-60.13958333,53.52291667,14658.17
1022,1022,-124.26889,54.416389,14600
1023,1023,28.448915,68.908734,14575
1024,1024,130.4770833,-28.82291667,14537.78
1025,1025,48.51458333,9.589583333,14536.86
1026,1026,-110.21667,54.354168,14500
1027,1027,49.50625,30.06458333,14490.19
1028,1028,23.5512,67.2233,14477.1
1029,1029,-69.68125,-20.81458333,14461.17
1030,1030,141.35625,43.22708333,14409.47
1031,1031,174.7729167,-37.34375,14398.51
1032,1032,118.0395833,38.09791667,14362.49
1033,1033,-63.80625,50.29791667,14325.38
1034,1034,92.73541667,44.82291667,14258.53
1035,1035,41.27708333,66.98541667,14246.14
1036,1036,25.41127006,65.33485078,14191
1037,1037,28.016245,70.070335,14161.4
1038,1038,-109.8020833,26.73541667,14144.98
1039,1039,20.37291667,54.68958333,14116.67
1040,1040,47.54791667,43.25625,14084.98
1041,1041,-73.33125,-48.21041667,14020.06
1042,1042,-94.60625,58.89791667,13992.38
1043,1043,149.081,-32.6332,13980
1044,1044,-3.185416667,25.33125,13935.29
1045,1045,123.18125,-29.53958333,13924.9
1046,1046,117.84375,24.43125,13823.25
1047,1047,129.6479167,-30.60208333,13809.76
1048,1048,-108.9104167,67.39791667,13774.25
1049,1049,115.5020833,-31.35625,13737.45
1050,1050,175.0457228,-37.28140252,13701
1051,1051,153.1229167,-27.43125,13652.27
1052,1052,41.63541667,42.21041667,13510.89
1053,1053,-56.38541667,-34.78125,13459.84
1054,1054,148.361,-37.6611,13421
1055,1055,-124.43125,42.42291667,13341.72
1056,1056,32.05208333,41.58125,13339.19
1057,1057,0.31875,51.46458333,13323.37
1058,1058,66.43958333,25.54375,13318.32
1059,1059,60.93958333,32.41041667,13310.84
1060,1060,114.55625,-3.322916667,13234.97
1061,1061,106.6479167,20.70625,13208.11
1062,1062,-72.97291667,-43.78125,13162.06
1063,1063,106.1229167,73.63958333,13144.28
1064,1064,-80.654,34.2446,13131.3
1065,1065,148.574,-35.001,13100
1066,1066,-175.9604167,67.84791667,13070.89
1067,1067,12.13541667,-5.202083333,13053.61
1068,1068,36.56041667,2.247916667,13038.12
1069,1069,-156.2020833,70.91875,12998.94
1070,1070,149.847,-29.4261,12960
1071,1071,-90.0878,31.5536,12931.9
1072,1072,76.72291667,44.29375,12918.61
1073,1073,87.52708333,31.88541667,12848.69
1074,1074,43.36875,66.03958333,12786.78
1075,1075,-86.7922,38.6673,12760.9
1076,1076,-85.6764,42.9645,12691
1077,1077,139.252,-18.6419,12690
1078,1078,47.94791667,30.08958333,12643.11
1079,1079,103.28125,42.91041667,12536.29
1080,1080,15.01875,27.58541667,12520.86
1081,1081,20.84791667,-34.40625,12511.32
1082,1082,83.05208333,31.57291667,12463.85
1083,1083,-148.19375,70.33958333,12436.44
1084,1084,-105.29375,20.68958333,12315.25
1085,1085,25.42025441,66.79487644,12303
1086,1086,-72.77291667,-45.41041667,12294.01
1087,1087,16.8537,48.8037,12283.7
1088,1088,-118.7854167,43.32708333,12252.19
1089,1089,9.69375,4.06875,12235.99
1090,1090,-121.20778,55.720001,12100
1091,1091,-91.23958333,29.65625,12050.85
1092,1092,111.0979167,42.81041667,12021.94
1093,1093,169.3239,-45.1995,12018
1094,1094,97.78125,2.25625,11947.94
1095,1095,-86.10625,30.38958333,11890.73
1096,1096,19.7036,64.2233,11846.3
1097,1097,34.05,-10.9,11800
1098,1098,-8.73125,52.67291667,11772.48
1099,1099,32.25208333,31.28125,11751.28
1100,1100,102.1229167,1.122916667,11645.21
1101,1101,-89.99375,64.13958333,11606.54
1102,1102,115.619,-34.0715,11593
1103,1103,54.02708333,36.98958333,11589.01
1104,1104,21.75003,48.39582,11474.25
1105,1105,40.90208333,22.63541667,11441
1106,1106,-72.84791667,-36.38541667,11424.96
1107,1107,175.1456,-37.6527,11395
1108,1108,-72.75625,-42.95208333,11388.62
1109,1109,-104.3878,34.6042,11370.1
1110,1110,-57.45625,53.56875,11301.89
1111,1111,-55.39791667,49.03541667,11257.95
1112,1112,41.96458333,-0.964583333,11220.5
1113,1113,17.88251,48.1605,11217.61
1114,1114,10.277533,61.333385,11210
1115,1115,-88.9306,50.8667,11200
1116,1116,-110.9215,33.6195,11152.5
1117,1117,-124.0270833,73.58958333,11133.58
1118,1118,-121.7979167,36.74375,11095.25
1119,1119,-70.63125,-26.34375,11048.79
1120,1120,24.74598156,-27.57350603,11044
1121,1121,23.3959,67.2074,11038.1
1122,1122,76.27708333,71.17291667,11036.6
1123,1123,-4.002083333,5.247916667,11003.79
1124,1124,150.682,-33.7468,11000
1125,1125,142.876,-18.2025,10987
1126,1126,-57.49385834,53.53427887,10900
1127,1127,27.026964,69.911988,10864
1128,1128,-94.2014,42.5061,10852.1
1129,1129,126.61875,-23.33958333,10817.99
1130,1130,-107.0575,41.8722,10813.3
1131,1131,113.2020833,43.86041667,10799.97
1132,1132,90.65625,30.71458333,10741.32
1133,1133,84.12708333,18.34375,10713.87
1134,1134,-60.68541667,55.03958333,10711.51
1135,1135,12.58958333,28.42708333,10605.32
1136,1136,61.18541667,30.76458333,10526.42
1137,1137,114.24375,-25.87708333,10496.15
1138,1138,69.78958333,21.44791667,10472.91
1139,1139,-85.2566,34.2004,10463.6
1140,1140,-2.447916667,47.49791667,10459.26
1141,1141,136.085,-16.4519,10400
1142,1142,-99.2245,32.9346,10328.9
1143,1143,-58.70625,-38.58125,10320.99
1144,1144,-104.525,34.7301,10282.3
1145,1145,129.739,-15.934,10204
1146,1146,147.11875,-41.40625,10199.31
1147,1147,15.9956,46.6811,10197
1148,1148,-89.96458333,68.33125,10192.49
1149,1149,15.6097,45.8932,10186
1150,1150,81.25208333,8.464583333,10161.39
1151,1151,-97.3847,28.6497,10155.4
1152,1152,152.712,-30.0076,9980
1153,1153,-117.17917,51.483334,9710
1154,1154,-86.2597,41.8292,9494.9
1155,1155,23.6601,67.9457,9259
1156,1156,-100.8557,38.7925,9207.5
1157,1157,17.2974,48.9331,9144.8
1158,1158,-88.8058,31.1028,9052
1159,1159,-83.263336,49.616665,8940
1160,1160,-93.95,41.5339,8912.2
1161,1161,-56.51194,-33.37328,8872
1162,1162,26.92055556,-30.83055556,8689
1163,1163,-77.1291,40.4784,8686.9
1164,1164,23.749779,61.308421,8641
1165,1165,27.7855,67.1985,8538
1166,1166,-99.1092,30.6607,8409.7
1167,1167,-56.4011,-34.4497,8374
1168,1168,142.625,-38.3354,8355
1169,1169,148.936,-33.9825,8290
1170,1170,14.0874,49.9586,8286.2
1171,1171,24.9625,-30.53472222,8266
1172,1172,146.586,-25.7928,8070
1173,1173,26.99089535,65.3640406,7934
1174,1174,-80.974,34.9849,7899.5
1175,1175,26.726111,58.38,7840
1176,1176,23.7629,61.5003,7672
1177,1177,-61.30168915,55.23413849,7570
1178,1178,-110.4998,38.7981,7378.9
1179,1179,-91.9774,37.9298,7355.6
1180,1180,-90.6967,32.3475,7283.1
1181,1181,-95.6258,40.6325,7267.5
1182,1182,-116.279,43.6602,7252
1183,1183,-109.2959,33.0495,7163.9
1184,1184,-88.5644,31.1483,6967.1
1185,1185,-81.4159,32.1916,6863.5
1186,1186,142.06,-16.5315,6789
1187,1187,-110.7944,45.1119,6783.2
1188,1188,-80.76667,51.083332,6680
1189,1189,-55.47099,-31.87573,6599.3
1190,1190,30.42903528,62.80100361,6389
1191,1191,171.6993604,-41.83424909,6350
1192,1192,30.47066154,63.41781886,6259
1193,1193,23.910677,61.854155,6102
1194,1194,-108.434,44.8388,6086.5
1195,1195,-106.5131,42.0097,6055.4
1196,1196,17.4761,65.5317,6054.3
1197,1197,-90.5349,41.767,6050.2
1198,1198,22.4779,68.4437,5960.4
1199,1199,22.49458129,68.44228041,5732
1200,1200,-124.91695,50.984722,5720
1201,1201,27.20338639,63.22040223,5583
1202,1202,26.71287909,61.09316157,5216
1203,1203,15.0906,46.122,5177
1204,1204,24.7675,58.463056,5160
1205,1205,26.925178,68.889192,5160
1206,1206,168.7971561,-46.38951541,5109
1207,1207,-65.825556,46.735833,5050
1208,1208,-92.724998,48.849998,4870
1209,1209,26.74570088,67.9627216,4868
1210,1210,21.8842,63.092,4833
1211,1211,-121.6687469,54.23117065,4780
1212,1212,18.3281,49.9212,4663.7
1213,1213,24.84437614,67.87863229,4488
1214,1214,24.02743238,61.2639765,4450
1215,1215,16.4513,57.1431,4440.9
1216,1216,-54.853611,49.015278,4400
1217,1217,24.8701,64.7692,4283
1218,1218,-80.8667,51.15,4250
1219,1219,21.33957,48.6027,4232.2
1220,1220,28.30471008,63.04497925,4128
1221,1221,16.4659,59.3221,4044.2
1222,1222,22.6985,63.3615,3949
1223,1223,-118.05695,52.91,3900
1224,1224,-78.88,9.17,3900
1225,1225,21.9758,68.0356,3856.2
1226,1226,171.2991349,-42.45299351,3830
1227,1227,18.64649,48.40703,3821.38
1228,1228,25.4069,65.1934,3814
1229,1229,21.97,66.0206,3778.6
1230,1230,30.68861111,-29.64244444,3771
1231,1231,-95.955559,49.938889,3700
1232,1232,21.1848,64.9556,3620.2
1233,1233,27.09033,-26.64428,3595
1234,1234,16.9375,58.8132,3591
1235,1235,26.126963,66.492831,3522
1236,1236,168.9493,-46.1,3465
1237,1237,29.502615,64.127452,3444
1238,1238,28.91563315,64.87977676,3428
1239,1239,24.4,64.3613,3408
1240,1240,14.7486,56.1939,3360.5
1241,1241,19.9859,68.1936,3345.5
1242,1242,27.27446,68.554584,3345
1243,1243,-117.56445,49.460556,3320
1244,1244,176.082,-38.665,3305
1245,1245,-67.483056,47.666944,3160
1246,1246,25.844883,69.395729,3133
1247,1247,167.6852,-45.4799,3124
1248,1248,21.7427,61.6734,3110
1249,1249,25.0894,65.6654,3109
1250,1250,23.78398235,66.38133608,3089
1251,1251,24.114,64.2026,3065
1252,1252,18.5983,63.5635,3043.3
1253,1253,27.40138889,-30.15972222,2990
1254,1254,14.1435,49.3165,2913.7
1255,1255,175.8075,-39.8108,2787
1256,1256,19.297917,48.087238,2768
1257,1257,-55.7411,-34.2161,2759
1258,1258,22.691344,61.13948,2652
1259,1259,23.996944,58.726389,2640
1260,1260,15.26083333,54.06333333,2637.6
1261,1261,171.6358048,-43.50604784,2560
1262,1262,15.4369,63.4719,2428.4
1263,1263,-84.529999,49.778889,2410
1264,1264,176.9270242,-39.71537984,2380
1265,1265,177.1290903,-39.07355376,2370
1266,1266,18.11771353,-30.82412669,2351
1267,1267,17.1122,60.6794,2311.9
1268,1268,-56.871387,52.649166,2310
1269,1269,-2.952860459,54.90490332,2286.5
1270,1270,14.5824,46.084,2285
1271,1271,-66.886944,47.832222,2270
1272,1272,15.4555,45.8644,2238
1273,1273,26.74755,68.919108,2215
1274,1274,-115.56944,51.174999,2210
1275,1275,26.78569444,-31.92288889,2193
1276,1276,25.525249,63.044145,2186
1277,1277,12.3088,57.2397,2160.2
1278,1278,-124.1433563,51.62485886,2130
1279,1279,-57.362499,49.240555,2110
1280,1280,28.62523042,62.56179644,2110
1281,1281,24.915556,58.518333,2080
1282,1282,29.583843,64.190256,2045
1283,1283,15.323,45.6343,2002
1284,1284,22.8804,63.6231,2000
1285,1285,176.872475,-39.5964198,1994
1286,1286,16.6994,58.8585,1992.3
1287,1287,29.315234,66.369275,1986
1288,1288,23.8337,60.1499,1935
1289,1289,-115.40833,55.316666,1900
1290,1290,30.50072884,62.2143072,1883
1291,1291,24.994444,58.479722,1880
1292,1292,20.3142,48.3043,1829.65
1293,1293,28.09553275,-24.28629974,1801
1294,1294,9.7941,56.39358,1788
1295,1295,172.8223649,-41.25789763,1750
1296,1296,24.9843,60.2378,1680
1297,1297,15.2336,46.154,1664
1298,1298,177.8756047,-38.46160072,1580
1299,1299,13.6553,45.9816,1573
1300,1300,16.9755,49.7558,1561.1
1301,1301,176.9951099,-38.00514122,1557
1302,1302,-121.34695,56.093056,1520
1303,1303,-79.28167,44.712776,1520
1304,1304,26.999531,69.783665,1520
1305,1305,20.423706,49.403663,1469.1
1306,1306,18.3034,63.4332,1465.2
1307,1307,26.044766,61.566581,1421
1308,1308,15.1012,49.7409,1420.6
1309,1309,23.7564,63.4985,1416
1310,1310,172.3863969,-41.76348777,1410
1311,1311,35.6307,33.0404,1404
1312,1312,177.6322722,-37.86369747,1393
1313,1313,20.302239,48.285607,1377.41
1314,1314,-68.955556,47.206389,1350
1315,1315,-65.907222,46.935833,1340
1316,1316,11.6839,58.4643,1334.5
1317,1317,16.1639,56.9996,1332.7
1318,1318,28.069004,65.14455,1313
1319,1319,27.454444,58.095556,1300
1320,1320,24.23438889,-33.20372222,1296
1321,1321,9.67046,56.24026,1285
1322,1322,23.7608,63.9862,1283
1323,1323,27.781957,66.51514,1283
1324,1324,25.29097,65.618927,1279
1325,1325,17.746,49.53,1275.3
1326,1326,20.73023,49.28918,1262.41
1327,1327,25.747282,67.130472,1198
1328,1328,15.2606,46.2274,1189
1329,1329,13.0767,55.7796,1184.6
1330,1330,176.6995,-38.4601,1184
1331,1331,15.2609,59.585,1182.6
1332,1332,-83.971664,46.860279,1160
1333,1333,172.2201884,-41.25420479,1160
1334,1334,-2.624682493,53.76842223,1145
1335,1335,25.606376,60.472543,1128
1336,1336,14.1126,64.0641,1110.1
1337,1337,13.011,61.3076,1103.2
1338,1338,-65.6016922,45.70138931,1100
1339,1339,8.34556,56.33504,1097
1340,1340,-94.6833,56.3444,1090
1341,1341,-55.4542,-34.2675,1078
1342,1342,175.237669,-38.863801,1075
1343,1343,172.5415537,-42.79038739,1060
1344,1344,8.70724,55.95689,1055
1345,1345,27.47969463,-24.16053356,1054
1346,1346,26.1325,57.850833,1050
1347,1347,-117.20556,54.750832,1040
1348,1348,-80.45472,43.190556,1030
1349,1349,25.061667,58.515278,1030
1350,1350,25.927778,58.703056,1030
1351,1351,169.2973857,-43.94254589,1020
1352,1352,21.8128,66.1675,1012
1353,1353,15.8858,59.5365,998.2
1354,1354,16.8109,60.8604,989.8
1355,1355,21.582,62.2385,976
1356,1356,172.9647755,-42.37541418,973
1357,1357,13.165,56.1178,953.4
1358,1358,30.85391667,-27.52808333,953
1359,1359,-65.83650208,47.09474945,948
1360,1360,24.06649423,60.33564733,935
1361,1361,21.37126606,62.50887855,934
1362,1362,14.1654,46.34,908
1363,1363,176.7669,-37.9405,906
1364,1364,20.9857,64.8347,905.5
1365,1365,25.340278,59.344167,903
1366,1366,170.4905531,-44.72479659,899
1367,1367,27.112222,58.209167,896
1368,1368,15.1157,59.534,891.4
1369,1369,20.861646,48.572295,863.7
1370,1370,-116.27084,53.59861,829
1371,1371,15.6798,56.2229,801.3
1372,1372,-82.89,8.52,800
1373,1373,24.879167,59.466111,794
1374,1374,15.2744,50.6399,791.2
1375,1375,20.99194444,-34.25166667,790
1376,1376,28.302772,61.835145,788
1377,1377,22.75919965,60.57598707,785
1378,1378,27.039167,59.383889,784
1379,1379,26.374722,58.602222,766
1380,1380,11.68963,55.29993,756
1381,1381,28.03785714,69.50945381,744
1382,1382,27.726254,57.88534,743.8
1383,1383,23.98197826,67.13438639,732
1384,1384,22.30611591,60.46434362,730
1385,1385,35.0978,32.7217,695
1386,1386,22.4629,61.3814,688
1387,1387,-77.32813263,44.54956818,678
1388,1388,8.8767,55.32261,676
1389,1389,25.428412,60.393073,665
1390,1390,12.1728,57.4949,662.9
1391,1391,30.01280383,-28.40485781,658
1392,1392,25.937959,68.445601,645
1393,1393,171.7873594,-42.35537138,642
1394,1394,-58.36264038,48.57582855,640
1395,1395,24.434722,59.308611,635
1396,1396,-118.10584,52.863888,630
1397,1397,15.9067,50.0367,625.4
1398,1398,20.2669,64.2106,625
1399,1399,11.5368,58.8771,624.1
1400,1400,-57.151112,50.607498,624
1401,1401,-2.492526418,53.16765932,622
1402,1402,22.15683,61.11177,616
1403,1403,31.029471,63.097496,596
1404,1404,172.6272018,-40.74597201,573
1405,1405,18.7841,68.3607,566.3
1406,1406,14.326,46.162,566
1407,1407,12.4391,61.8203,565
1408,1408,23.2863,60.1792,560
1409,1409,169.7279,-44.475,557
1410,1410,9.49278,56.57313,556
1411,1411,24.039172,62.279941,546
1412,1412,10.42303,55.39989,535
1413,1413,172.9229564,-41.89550284,518
1414,1414,9.00766,56.40707,518
1415,1415,-66.02522278,47.89381027,510
1416,1416,0.204429,48.158733,510
1417,1417,175.2638,-39.5697,506
1418,1418,27.97320759,-24.21681628,499
1419,1419,-65.370003,43.838333,495
1420,1420,23.3236,66.1117,494.3
1421,1421,21.54734186,62.94339496,489
1422,1422,-67.73844147,46.43835831,484
1423,1423,12.7311,58.0075,482.5
1424,1424,23.22625761,60.44029337,481
1425,1425,21.52106394,62.31524032,480
1426,1426,16.0256,49.3196,478.8
1427,1427,16.034,46.4141,478
1428,1428,23.866389,59.253333,474
1429,1429,26.01236172,60.70358308,460
1430,1430,14.8522,45.4639,460
1431,1431,-116.95194,49.907501,453
1432,1432,16.8387,49.867,445.2
1433,1433,23.061456,61.897869,444
1434,1434,13.7983,46.1283,443
1435,1435,172.9063557,-42.4573025,440
1436,1436,21.66800537,61.17223853,438
1437,1437,15.5213,56.2207,437.7
1438,1438,13.5866,46.2479,437
1439,1439,15.0997,56.2259,432.1
1440,1440,14.2388,64.8361,427.8
1441,1441,175.0907,-41.1008,427
1442,1442,21.85857316,63.03214291,426
1443,1443,16.5807,49.532,423.7
1444,1444,-116.04305,50.886112,420
1445,1445,24.84233,62.749581,409
1446,1446,26.582778,59.373056,406
1447,1447,25.789167,59.4675,404
1448,1448,29.85232,64.396752,403
1449,1449,22.1698,68.3706,390.8
1450,1450,8.83515,55.41249,388
1451,1451,16.4365,58.4037,386.8
1452,1452,12.6738,57.0967,383.5
1453,1453,13.8855,49.1974,383.3
1454,1454,15.4773,49.8895,381.8
1455,1455,173.5649901,-41.30350668,375
1456,1456,176.3306391,-39.37992142,370
1457,1457,171.0180341,-42.95498721,367
1458,1458,24.716923,63.583602,363
1459,1459,23.752431,68.39612,363
1460,1460,-126.57417,50.436943,360
1461,1461,-123.7046432,48.87836075,355
1462,1462,-67.46511078,46.34088898,350
1463,1463,16.9114,50.041,349.7
1464,1464,18.5991,57.5586,349
1465,1465,1.030508073,51.25810205,345
1466,1466,16.139,56.6961,342.4
1467,1467,12.6109,62.5454,340.3
1468,1468,21.60284837,60.80571971,340
1469,1469,24.38655424,66.82673982,339
1470,1470,-117.7481,50.2775,337
1471,1471,27.6321,60.6199,328
1472,1472,24.318611,58.423333,326
1473,1473,13.4942,46.3149,325
1474,1474,31.20944444,-27.93863889,324
1475,1475,-1.785267486,51.17152668,323.7
1476,1476,-2.513296188,54.94315097,321.9
1477,1477,-79.378609,45.669445,321
1478,1478,28.324885,68.85017,314
1479,1479,27.105428,59.023767,313
1480,1480,17.0712,59.7331,312.4
1481,1481,15.5026,49.3822,307.3
1482,1482,25.822117,58.394902,306.5
1483,1483,175.1995352,-40.82370475,306
1484,1484,174.0475393,-35.27634166,302
1485,1485,-80.64849854,44.57017136,298
1486,1486,25.427109,66.61794,296
1487,1487,17.7307,60.0194,293.8
1488,1488,20.8522,68.9384,293
1489,1489,11.3858,55.61297,291
1490,1490,25.476389,58.799167,279
1491,1491,12.3182,58.2045,278.9
1492,1492,0.51602401,51.2020707,277.1
1493,1493,15.2301,45.9885,271.2
1494,1494,25.921111,58.003611,269
1495,1495,174.5102859,-36.38537048,268
1496,1496,23.44839079,63.86333969,267
1497,1497,26.848889,58.700556,266
1498,1498,12.8577,56.2773,261.4
1499,1499,16.601,58.0447,260.3
1500,1500,13.1244,56.7157,259.7
1501,1501,176.2217986,-39.4371179,259
1502,1502,27.088608,59.035303,252
1503,1503,16.1808,50.4832,248.5
1504,1504,-2.974975743,54.2681107,247
1505,1505,-75.54441833,44.84225082,246
1506,1506,13.1076,56.1438,241.3
1507,1507,26.741944,58.273333,241
1508,1508,26.434444,58.211389,239
1509,1509,-67.320278,45.943333,234
1510,1510,21.29416667,-34.0925,229
1511,1511,174.7330578,-38.62335781,226
1512,1512,12.3969,63.5227,224.1
1513,1513,22.05277778,-34.03166667,215
1514,1514,25.669444,58.891944,215
1515,1515,17.1182,59.2641,214.3
1516,1516,10.0324,56.90959,214
1517,1517,-123.66972,48.727501,209
1518,1518,24.534722,59.38,209
1519,1519,-2.755961814,54.28005476,209
1520,1520,-59.00978088,47.61333084,205
1521,1521,-2.933123297,52.27665705,203.3
1522,1522,9.4403,55.70221,199
1523,1523,22.13222222,-34.03944444,198
1524,1524,17.3933,59.7581,197.1
1525,1525,22.410262,60.872379,197
1526,1526,14.9033,65.8315,194.7
1527,1527,-61.28610992,45.72024918,193
1528,1528,0.231192932,51.42433574,191.4
1529,1529,176.5078215,-38.17637005,186.7
1530,1530,16.5404,50.0651,182.4
1531,1531,-80.930832,44.522499,181
1532,1532,15.3257,50.6547,179.1
1533,1533,25.221699,58.577203,177.8
1534,1534,-65.15538788,47.70560837,173
1535,1535,-79.64375305,44.70719147,168
1536,1536,16.782,59.6634,167.5
1537,1537,13.9515,58.3613,167.1
1538,1538,-65.06494141,46.44393921,166
1539,1539,171.8950569,-43.463827,164
1540,1540,14.8627,57.5789,157.2
1541,1541,13.0134,63.7355,155.8
1542,1542,12.7983,55.9954,155.5
1543,1543,35.6418,33.2163,153
1544,1544,11.38461,55.47459,148
1545,1545,22.35027778,-34.00666667,145
1546,1546,-2.563492134,52.08135251,144
1547,1547,13.7757,46.1557,142.3
1548,1548,27.393056,59.030833,140
1549,1549,23.02944444,-33.89111111,135
1550,1550,22.822222,58.364444,134
1551,1551,22.22194444,-34.02861111,131
1552,1552,12.20428,55.33432,130
1553,1553,23.927032,60.706281,128
1554,1554,16.1911,49.678,127.9
1555,1555,16.5587,49.5535,126.5
1556,1556,28.899157,63.151861,125
1557,1557,25.594444,59.508611,123
1558,1558,12.9748,56.0742,119.2
1559,1559,10.04068,56.13496,119
1560,1560,15.9919,59.52,110.3
1561,1561,-84.2816925,46.56285858,109
1562,1562,21.07643268,68.88047058,108
1563,1563,8.48206,56.89403,108
1564,1564,9.91465,57.16017,104
1565,1565,13.5937,55.4497,102
1566,1566,-124.1453094,51.67385864,98.8
1567,1567,22.7125,58.810278,98
1568,1568,16.1898,50.53,94.6
1569,1569,-56.22214127,49.8935318,93.2
1570,1570,-2.488104191,53.09300543,92.7
1571,1571,175.1915831,-41.05086048,88.8
1572,1572,27.47603,-25.80925,88
1573,1573,-125.069252,49.69282913,87.9
1574,1574,24.968889,59.380833,84
1575,1575,22.61444444,-33.94527778,79
1576,1576,-116.4524918,49.15911865,78.3
1577,1577,22.70777778,-33.9125,72
1578,1578,10.05078,55.38349,71
1579,1579,-79.395279,46.262222,70.4
1580,1580,12.1278,62.6386,64.6
1581,1581,173.9368,-41.5973,64.1
1582,1582,11.3656,58.9101,60.4
1583,1583,-116.5339127,49.20262909,57
1584,1584,23.63861111,-33.95555556,56
1585,1585,0.172574596,51.10822825,53.7
1586,1586,13.238,55.5067,52.2
1587,1587,-81.33635712,45.03696823,50.5
1588,1588,13.4778,46.3097,50.2
1589,1589,14.3149,58.713,45
1590,1590,15.5171,50.638,44
1591,1591,14.71282,55.15281,43
1592,1592,21.2233,65.8508,42.6
1593,1593,21.6965,66.4148,41.3
1594,1594,-125.0857162,49.7365799,41.1
1595,1595,16.1592,59.5945,36.5
1596,1596,22.4225,-33.95111111,34
1597,1597,22.97388889,-33.54527778,33
1598,1598,20.5404,67.8214,30.4
1599,1599,173.9134803,-39.49269464,29.5
1600,1600,175.5919,-39.0461,28.2
1601,1601,177.5616863,-38.41499807,26.4
1602,1602,20.53583333,-34.02027778,25
1603,1603,25.644444,58.938889,25
1604,1604,22.83777778,-33.88083333,23
1605,1605,11.9347,58.2444,22.9
1606,1606,175.3245742,-39.3714892,20.8
1607,1607,16.0893,62.7255,15
1608,1608,174.2612,-39.2825,11.3
1609,1609,-87.37677765,48.97811127,10.8
1610,1610,20.71305556,-33.91055556,10
1611,1611,-117.2597,49.5014,9
1612,1612,11.3573,58.6259,8.4
1613,1613,22.7,58.51666667,7.6
1614,1614,25.676667,58.888889,7.3
1615,1615,17.5825,59.7962,6.1
1616,1616,14.6205,56.1203,4.7
1617,1617,22.13083333,-33.93527778,4
1618,1618,18.3261,59.2027,4
1619,1619,-67.02139282,46.27716827,3.8
1620,1620,14.136,55.9454,1.8
1621,1621,15.2314,59.9038,1.8
1622,1622,-57.640602,-25.275981,NA
1623,1623,-57.454594,-23.407463,NA
1624,1624,24.0211,66.0307,NA
1625,1625,23.91239999,66.78523748,NA
1626,1626,3.805389,51.004361,NA
1627,1627,-21.00687,63.939361,NA
1628,1628,-82.32,8.68,NA
1629,1629,-82.82,9.14,NA
1630,1630,-80.46,-3.57,NA
1631,1631,-80.46,-3.77,NA
1632,1632,-80.4,-3.98,NA
1633,1633,-80.15,-4.3,NA
1634,1634,-79.96,-4.39,NA
1635,1635,-80.34,-4.94,NA
1636,1636,-80.17,-5.11,NA
1637,1637,-79.47,-6.33,NA
1638,1638,-78.91,-6.58,NA
1639,1639,-79,-6.65,NA
1640,1640,-79.07,-6.66,NA
1641,1641,-79.34,-6.84,NA
1642,1642,-79.1,-7.25,NA
1643,1643,-78.81,-7.55,NA
1644,1644,-78.71,-7.57,NA
1645,1645,-78.96,-7.66,NA
1646,1646,-78.38,-7.8,NA
1647,1647,-78.26,-8.66,NA
1648,1648,-77.2,-11.13,NA
1649,1649,-77.03,-11.37,NA
1650,1650,-76.62,-11.45,NA
1651,1651,-76.86,-11.7,NA
1652,1652,-76.3,-11.76,NA
1653,1653,-76.69,-11.93,NA
1654,1654,-76.73,-11.98,NA
1655,1655,-76.5,-12.52,NA
1656,1656,-76.19,-13.03,NA
1657,1657,-75.98,-13.44,NA
1658,1658,-75.68,-13.92,NA
1659,1659,-73.11,-16.43,NA
1660,1660,-72.48,-16.01,NA
1661,1661,-71.64,-16.99,NA
1662,1662,-69.79,-15.22,NA
1663,1663,-69.87,-15.26,NA
1664,1664,-70.22,-15.47,NA
1665,1665,-69.79,-15.68,NA
1666,1666,-69.65,-16.09,NA
1667,1667,-69.58,-16.14,NA
1668,1668,-69.94,-17.2,NA
1669,1669,-78.74,-6.56,NA
1670,1670,-78.52,-6.69,NA
1671,1671,-78.03,-6.84,NA
1672,1672,-76.33,-6.92,NA
1673,1673,-76.48,-7.25,NA
1674,1674,-78.29,-7.24,NA
1675,1675,-78.11,-7.46,NA
1676,1676,-76.65,-7.48,NA
1677,1677,-74.52,-8.36,NA
1678,1678,-76.51,-8.43,NA
1679,1679,-76,-9.3,NA
1680,1680,-74.97,-9.38,NA
1681,1681,-76.31,-9.85,NA
1682,1682,-76.31,-9.92,NA
1683,1683,-73.87,-10.61,NA
1684,1684,-75.33,-11.21,NA
1685,1685,-75.93,-11.52,NA
1686,1686,-69.21,-12.58,NA
1687,1687,-72.52,-13.19,NA
1688,1688,-72.34,-13.22,NA
1689,1689,-73.83,-13.43,NA
1690,1690,-71.6,-13.32,NA
1691,1691,-71.85,-13.42,NA
1692,1692,-72.58,-13.56,NA
1693,1693,-73.17,-13.99,NA
1694,1694,-71.23,-14.17,NA
1695,1695,80.07944,6.90944,NA
1696,1696,80.39417,6.67833,NA
1697,1697,80.05722,6.60167,NA
1698,1698,81.08611,7.91472,NA
