id,lon,lat,area,source
1040000010,37.86041667,18.60208333,63986.65,hydrosheds
1040006850,51.02291667,10.43125,28619.44,hydrosheds
1040007000,48.51458333,9.589583333,14536.86,hydrosheds
1040007260,49.84375,7.960416667,64696.71,hydrosheds
1040008100,42.62708333,-0.25625,745374.32,hydrosheds
1040008110,41.96458333,-0.964583333,11220.5,hydrosheds
1040008470,40.51875,-2.53125,95248.84,hydrosheds
1040008480,38.84791667,-6.15625,41560.91,hydrosheds
1040009450,39.35208333,-7.772916667,177136.24,hydrosheds
1040009460,39.65625,-9.477083333,17134.31,hydrosheds
1040010030,40.39791667,-10.51041667,155316.4,hydrosheds
1040010040,40.43125,-11.67291667,24704.72,hydrosheds
1040010590,40.52291667,-13.51875,61392.69,hydrosheds
1040010600,37.35625,-17.66041667,23075.31,hydrosheds
1040011660,36.25625,-18.80208333,1378121.12,hydrosheds
1040011670,35.06041667,-20.93125,102590.66,hydrosheds
1040012590,33.51458333,-25.17291667,407138.96,hydrosheds
1040012680,32.73125,-25.76875,46725.58,hydrosheds
1040012810,32.67708333,-26.34791667,30280.37,hydrosheds
1040012820,27.13541667,-33.49375,30263.22,hydrosheds
1040014490,25.03125,-33.96875,34805.21,hydrosheds
1040014920,21.88125,-34.33958333,45082.28,hydrosheds
1040014930,20.84791667,-34.40625,12511.32,hydrosheds
1040015030,18.19791667,-31.66041667,46363.85,hydrosheds
1040015850,16.45208333,-28.63125,884883.04,hydrosheds
1040015860,14.52291667,-22.68958333,29452.05,hydrosheds
1040018120,11.75625,-17.24375,108943.04,hydrosheds
1040018130,11.91458333,-15.72291667,19893.45,hydrosheds
1040019180,13.80208333,-10.86458333,22908.28,hydrosheds
1040019270,13.49375,-10.23541667,22892.33,hydrosheds
1040019420,13.16041667,-9.33125,150086.56,hydrosheds
1040019430,12.85208333,-7.202083333,19509.52,hydrosheds
1040020040,12.46458333,-6.06875,3705301.76,hydrosheds
1040020050,12.13541667,-5.202083333,13053.61,hydrosheds
1040020240,11.71458333,-4.472916667,59760.46,hydrosheds
1040020250,10.28541667,-2.989583333,25075.33,hydrosheds
1040020570,8.91875,-1.00625,215217.48,hydrosheds
1040020580,9.822916667,2.347916667,30962.85,hydrosheds
1040021500,9.652083333,3.547916667,133624.4,hydrosheds
1040021510,9.69375,4.06875,12235.99,hydrosheds
1040021910,8.252083333,4.81875,52698.72,hydrosheds
1040022420,6.06875,4.39375,2098663.68,hydrosheds
1040022430,2.439583333,6.364583333,59907.92,hydrosheds
1040023300,0.652083333,5.79375,412648.8,hydrosheds
1040023310,-3.28125,5.147916667,28153.08,hydrosheds
1040023890,-3.727083333,5.19375,83109.03,hydrosheds
1040023900,-4.002083333,5.247916667,11003.79,hydrosheds
1040023950,-4.977083333,5.139583333,99252.92,hydrosheds
1040024070,-6.102083333,4.972916667,75334.54,hydrosheds
1040024080,-7.539583333,4.372916667,29623.06,hydrosheds
1040026800,-16.14791667,13.43541667,72616.96,hydrosheds
1040026820,-16.57708333,14.04375,32922.46,hydrosheds
1040027410,-16.47708333,16.06458333,443989.52,hydrosheds
1040027430,-12.40625,17.61458333,59113.09,hydrosheds
1040028700,-13.37291667,27.21875,69516.17,hydrosheds
1040028960,-11.12291667,28.68125,94290.04,hydrosheds
1040028970,-9.34375,32.03125,20121.26,hydrosheds
1040029430,-8.339583333,33.30625,35399.7,hydrosheds
1040029700,-6.65625,34.26875,37813.32,hydrosheds
1040029810,-2.34375,35.12291667,54236.81,hydrosheds
1040031860,16.00208333,31.24791667,52475.02,hydrosheds
1040034260,30.38541667,31.44375,2916808.32,hydrosheds
1040034270,32.25208333,31.28125,11751.28,hydrosheds
1040035400,43.77291667,-23.56458333,32381.58,hydrosheds
1040035590,43.51041667,-21.45208333,54938.47,hydrosheds
1040036020,44.43125,-19.64375,48011.81,hydrosheds
1040036030,45.78541667,-15.79791667,18932.45,hydrosheds
1040036860,46.46458333,-15.97291667,56180.17,hydrosheds
1040036870,47.18125,-15.42708333,28533.55,hydrosheds
1040040190,14.52708333,13.07708333,980211.84,hydrosheds
1040040200,25.95208333,-20.93958333,644114.32,hydrosheds
1040040210,17.88125,16.97291667,450953.28,hydrosheds
1040040220,20.84791667,30.13125,305376.1,hydrosheds
1040040230,11.73541667,18.75208333,211532.02,hydrosheds
1040040240,16.18958333,-18.85208333,174242,hydrosheds
1040040250,23.58541667,29.65208333,158695.82,hydrosheds
1040040260,36.14375,3.372916667,149328.6,hydrosheds
1040040270,48.73541667,6.402083333,140784.34,hydrosheds
1040040280,27.37708333,17.49791667,131109.62,hydrosheds
1040040290,30.48541667,23.51041667,103752,hydrosheds
1040040300,-1.227083333,29.17291667,97980.1,hydrosheds
1040040310,0.247916667,22.01458333,94901.74,hydrosheds
1040040320,41.78125,11.15625,94540.7,hydrosheds
1040040330,7.339583333,32.42708333,90161.12,hydrosheds
1040040340,6.347916667,34.19791667,89136.92,hydrosheds
1040040360,17.47291667,12.84375,84585.46,hydrosheds
1040040370,32.20208333,-7.914583333,79610.05,hydrosheds
1040040380,-4.91875,16.55208333,78587.74,hydrosheds
1040040410,14.01458333,27.41458333,64664.25,hydrosheds
1040040420,5.80625,27.36041667,63044.13,hydrosheds
1040040430,-0.885416667,24.91875,61611.05,hydrosheds
1040040440,35.11458333,-3.59375,60814.16,hydrosheds
1040040490,19.83541667,18.56041667,52304.23,hydrosheds
1040040510,11.22291667,16.04375,50196.48,hydrosheds
1040040520,-4.339583333,29.53125,49734.1,hydrosheds
1040040540,8.410416667,33.77708333,47307.46,hydrosheds
1040040550,37.57708333,2.797916667,46924.04,hydrosheds
1040040560,14.73958333,25.26458333,45608.46,hydrosheds
1040040580,-7.760416667,27.71458333,43594.99,hydrosheds
1040040590,14.86041667,15.85625,42982.24,hydrosheds
1040040600,23.22708333,29.71458333,40503.42,hydrosheds
1040040610,20.76458333,18.19791667,38309.79,hydrosheds
1040040630,24.27708333,29.67708333,35149.52,hydrosheds
1040040660,34.76041667,4.96875,31900.79,hydrosheds
1040040670,30.20625,22.84791667,30515.36,hydrosheds
1040040740,-0.285416667,34.06041667,26608.06,hydrosheds
1040040750,4.91875,35.42708333,25882.36,hydrosheds
1040040790,20.96041667,30.54375,24636.16,hydrosheds
1040040830,19.76458333,28.44791667,23262.71,hydrosheds
1040040870,-9.814583333,25.02708333,21076.19,hydrosheds
1040040890,-6.514583333,24.66041667,20633.48,hydrosheds
1040040900,40.40625,14.02708333,18913.81,hydrosheds
1040040920,36.91041667,4.689583333,18650.81,hydrosheds
1040040960,-5.00625,20.70208333,16957.19,hydrosheds
1040040970,28.18958333,27.32708333,16948.85,hydrosheds
1040040990,27.05625,29.91041667,16441.18,hydrosheds
1040041020,35.97291667,-2.552083333,16235.44,hydrosheds
1040041030,12.96458333,20.20208333,16108.54,hydrosheds
1040041040,30.56875,23.46041667,16066.26,hydrosheds
1040041070,2.927083333,30.44375,15429.59,hydrosheds
1040041200,-3.185416667,25.33125,13935.29,hydrosheds
1040041270,36.56041667,2.247916667,13038.12,hydrosheds
1040041310,15.01875,27.58541667,12520.86,hydrosheds
1040041430,12.58958333,28.42708333,10605.32,hydrosheds
1040526810,33.97708333,17.67708333,205095.16,hydrosheds
1040526970,33.97291667,17.67291667,2045604.8,hydrosheds
1040571730,-15.69375,16.47291667,393519.68,hydrosheds
1040571900,-15.69375,16.46875,45291.48,hydrosheds
1040601190,32.50208333,15.63958333,1670929.92,hydrosheds
1040601200,32.50625,15.63958333,308194.62,hydrosheds
1040633360,-12.05625,14.72291667,42008.4,hydrosheds
1040633540,-12.05625,14.71875,255072.1,hydrosheds
1040641660,-4.20625,14.50625,145807.12,hydrosheds
1040641670,-4.202083333,14.50625,129494.38,hydrosheds
1040644790,-11.38958333,14.42708333,102685.1,hydrosheds
1040644920,-11.38958333,14.42291667,148278.58,hydrosheds
1040667360,-10.81875,13.81041667,102170.66,hydrosheds
1040667560,-10.82708333,13.80625,38996.71,hydrosheds
1040695300,14.52291667,13.08125,249808.12,hydrosheds
1040695540,14.52291667,13.07708333,89011.98,hydrosheds
1040695700,14.53125,13.07291667,609863.64,hydrosheds
1040709030,-3.41875,12.74375,31187.86,hydrosheds
1040709280,-3.41875,12.73958333,20526.98,hydrosheds
1040722570,2.835416667,12.41458333,520941.92,hydrosheds
1040722720,2.83125,12.41041667,726920.16,hydrosheds
1040734180,15.03958333,12.09791667,88321.46,hydrosheds
1040734190,15.04375,12.09791667,515497.96,hydrosheds
1040760280,4.11875,11.38541667,1360282.56,hydrosheds
1040760290,4.122916667,11.38541667,182447.06,hydrosheds
1040786690,-2.935416667,10.71041667,86226.4,hydrosheds
1040786860,-2.935416667,10.70625,15300.93,hydrosheds
1040837630,30.50625,9.51875,608100.92,hydrosheds
1040837890,30.50625,9.514583333,552637.44,hydrosheds
1040840230,18.08958333,9.45625,144860.36,hydrosheds
1040840410,18.08958333,9.452083333,322359.9,hydrosheds
1040843030,31.56458333,9.385416667,1197395.76,hydrosheds
1040843040,31.56875,9.385416667,214881.24,hydrosheds
1040873640,-0.985416667,8.65625,154022.88,hydrosheds
1040873650,-0.98125,8.65625,111517.46,hydrosheds
1040909890,6.752083333,7.78125,1730224.8,hydrosheds
1040909900,6.75625,7.78125,338967.72,hydrosheds
1040915980,0.089583333,7.61875,301109.66,hydrosheds
1040915990,0.097916667,7.61875,75691.83,hydrosheds
1041014460,44.96875,5.03125,144786.02,hydrosheds
1041014470,44.97291667,5.03125,45572.19,hydrosheds
1041115240,43.72708333,1.222916667,52927.06,hydrosheds
1041115400,43.73541667,1.21875,221362.62,hydrosheds
1041139430,42.76458333,0.177083333,214441.44,hydrosheds
1041139500,42.76875,0.172916667,298252.84,hydrosheds
1041144990,42.58958333,-0.05625,513313.96,hydrosheds
1041145090,42.58541667,-0.060416667,230634.3,hydrosheds
1041156950,17.70625,-0.572916667,648280.48,hydrosheds
1041156960,17.71458333,-0.572916667,1693384.48,hydrosheds
1041174950,16.77291667,-1.347916667,285042.84,hydrosheds
1041174960,16.77708333,-1.347916667,2355752.48,hydrosheds
1041213630,16.18541667,-3.185416667,2708456.64,hydrosheds
1041213640,16.18958333,-3.185416667,894486.56,hydrosheds
1041259940,26.91458333,-5.660416667,453089.76,hydrosheds
1041259950,26.91875,-5.660416667,266514,hydrosheds
1041431480,30.41875,-15.61875,149540.06,hydrosheds
1041431680,30.41875,-15.62291667,859018.4,hydrosheds
1041438780,28.91458333,-15.94375,156563.16,hydrosheds
1041438860,28.91458333,-15.94791667,683379.04,hydrosheds
1041472390,35.31875,-17.69375,161058.34,hydrosheds
1041472430,35.31875,-17.69791667,1205882.24,hydrosheds
1041473880,25.26041667,-17.78958333,362355.2,hydrosheds
1041473950,25.26041667,-17.79375,155286.28,hydrosheds
1041477980,20.48125,-17.94791667,107643.18,hydrosheds
1041478080,20.48125,-17.95208333,60249.9,hydrosheds
1041479540,20.78541667,-18.01875,58302.46,hydrosheds
1041479650,20.78541667,-18.02291667,169166.18,hydrosheds
1041515680,23.37291667,-20.13541667,251264.58,hydrosheds
1041515780,23.36875,-20.14375,129704.1,hydrosheds
1041533130,24.84375,-21.19375,424641.64,hydrosheds
1041533240,24.84791667,-21.19791667,136520.94,hydrosheds
1041548220,29.36458333,-22.18958333,29066.43,hydrosheds
1041548260,29.36458333,-22.19375,155088.56,hydrosheds
1041548750,29.02708333,-22.22708333,19413.7,hydrosheds
1041548760,29.03125,-22.22708333,133109.78,hydrosheds
1041576090,32.64375,-24.11041667,261202.82,hydrosheds
1041576130,32.64375,-24.11458333,81485.68,hydrosheds
1041584690,33.51875,-24.72708333,59362.62,hydrosheds
1041584780,33.51875,-24.73125,345110.48,hydrosheds
1041620200,17.17708333,-28.09791667,83035.63,hydrosheds
1041620260,17.17708333,-28.10208333,796731.2,hydrosheds
1041624310,20.20625,-28.51458333,316423.82,hydrosheds
1041624330,20.20625,-28.51875,428259.72,hydrosheds
1041626200,20.53958333,-28.74375,78755.26,hydrosheds
1041626210,20.54375,-28.74375,347209.52,hydrosheds
1041629370,23.63541667,-29.06875,185499.6,hydrosheds
1041629430,23.63541667,-29.07291667,97116.78,hydrosheds
1041923540,14.88958333,12.16458333,604000.8,hydrosheds
2040000010,27.19375,37.54375,24363.86,hydrosheds
2040003550,30.64791667,41.12708333,62798.63,hydrosheds
2040003560,32.05208333,41.58125,13339.19,hydrosheds
2040004130,35.96458333,41.73125,75678.81,hydrosheds
2040004280,36.65625,41.38125,36321.92,hydrosheds
2040005120,41.57708333,41.60625,22011.39,hydrosheds
2040005130,41.63541667,42.21041667,13510.89,hydrosheds
2040005690,37.41875,45.35208333,52399.19,hydrosheds
2040006590,39.25208333,47.09375,437307.76,hydrosheds
2040006600,34.81041667,46.14791667,19206.92,hydrosheds
2040007930,32.37708333,46.52708333,509823.48,hydrosheds
2040007940,30.47291667,46.07291667,73157.84,hydrosheds
2040008490,29.69791667,45.24791667,786750,hydrosheds
2040009230,26.03541667,40.74375,52512.14,hydrosheds
2040012730,12.51458333,44.96041667,73289.64,hydrosheds
2040014550,12.24791667,41.73958333,16667.74,hydrosheds
2040016230,4.80625,43.38125,95895.46,hydrosheds
2040018360,-6.347916667,36.79791667,56432.85,hydrosheds
2040018460,-7.402083333,37.17708333,66926.54,hydrosheds
2040018840,-8.99375,38.93958333,70756.03,hydrosheds
2040019150,-8.647916667,41.14791667,97238.72,hydrosheds
2040019160,-8.772916667,41.92291667,16651.44,hydrosheds
2040020320,-0.55625,44.99791667,55941.24,hydrosheds
2040021030,-1.972916667,47.28958333,116722.86,hydrosheds
2040021040,-2.447916667,47.49791667,10459.26,hydrosheds
2040022150,0.510416667,49.48541667,73249.17,hydrosheds
2040022160,4.66875,51.72291667,32770.7,hydrosheds
2040023010,4.152083333,51.96041667,163008.46,hydrosheds
2040023020,8.497916667,53.33541667,44776.19,hydrosheds
2040024170,9.864583333,53.54375,138382.28,hydrosheds
2040026060,14.60208333,53.55625,118791.1,hydrosheds
2040026550,18.93541667,54.31041667,192632.1,hydrosheds
2040026560,20.37291667,54.68958333,14116.67,hydrosheds
2040026920,21.25208333,55.34375,92523.86,hydrosheds
2040026930,23.85208333,56.96875,17504.11,hydrosheds
2040027320,24.07291667,57.03958333,85612.96,hydrosheds
2040027330,28.04375,59.47291667,56229.28,hydrosheds
2040028310,30.25625,59.91875,285331.22,hydrosheds
2040028660,26.91458333,60.49791667,26798.28,hydrosheds
2040028670,21.70208333,61.54791667,24568.21,hydrosheds
2040029940,25.45625,65.01458333,25804.17,hydrosheds
2040029950,25.33541667,65.31458333,16478.76,hydrosheds
2040030060,24.50208333,65.78125,53536.39,hydrosheds
2040030100,24.16875,65.81041667,40545.36,hydrosheds
2040030110,20.31041667,63.76041667,27547.25,hydrosheds
2040031060,17.61458333,63.16458333,31435.61,hydrosheds
2040031070,17.40625,62.53125,26414.86,hydrosheds
2040031490,17.43541667,60.63541667,28435,hydrosheds
2040031500,18.15208333,59.32291667,22700.16,hydrosheds
2040033320,11.85208333,57.79791667,49859.07,hydrosheds
2040033480,10.94791667,59.19375,41121.95,hydrosheds
2040037990,28.26458333,70.43125,16749.74,hydrosheds
2040039390,30.11875,69.68125,17831.29,hydrosheds
2040039590,33.04791667,69.04791667,26402.91,hydrosheds
2040039600,41.27708333,66.98541667,14246.14,hydrosheds
2040041120,34.68125,64.95625,41491.99,hydrosheds
2040041180,34.78125,64.52291667,31323.54,hydrosheds
2040041420,38.00208333,63.93541667,63771.19,hydrosheds
2040041840,40.53541667,64.52708333,346666.12,hydrosheds
2040041850,43.36875,66.03958333,12786.78,hydrosheds
2040042370,44.14375,65.88541667,76752.69,hydrosheds
2040043720,53.95625,67.98958333,312705.44,hydrosheds
2040043730,64.93125,69.25625,16884.2,hydrosheds
2040048790,0.31875,51.46458333,13323.37,hydrosheds
2040054200,-8.73125,52.67291667,11772.48,hydrosheds
2040065960,54.02708333,36.98958333,11589.01,hydrosheds
2040066030,53.94375,37.42291667,36401.23,hydrosheds
2040066340,53.66458333,39.94375,27746.87,hydrosheds
2040066490,52.91875,41.04791667,25531.51,hydrosheds
2040067280,53.83958333,45.26458333,20016.17,hydrosheds
2040067570,53.04375,46.93125,69264.33,hydrosheds
2040067650,52.45625,47.02291667,74239.91,hydrosheds
2040067740,51.64375,46.91041667,210581.24,hydrosheds
2040067750,50.66458333,48.26041667,82781.77,hydrosheds
2040068680,47.71875,45.59375,1404107.68,hydrosheds
2040068710,47.61458333,45.49791667,51386.44,hydrosheds
2040068720,46.82291667,44.43958333,42821.94,hydrosheds
2040069150,47.55625,43.61041667,42926.99,hydrosheds
2040069160,47.54791667,43.25625,14084.98,hydrosheds
2040070050,49.39791667,39.31458333,188377.66,hydrosheds
2040070510,49.94375,37.46875,58651.4,hydrosheds
2040071260,65.49375,25.38125,34557.64,hydrosheds
2040071690,61.67291667,25.17708333,31058.35,hydrosheds
2040071700,61.51041667,25.18125,20677.98,hydrosheds
2040072590,55.78541667,26.99791667,42103.69,hydrosheds
2040072920,51.26875,28.14791667,40250.56,hydrosheds
2040072930,49.50625,30.06458333,14490.19,hydrosheds
2040073570,48.46041667,29.99375,829646.88,hydrosheds
2040073580,47.94791667,30.08958333,12643.11,hydrosheds
2040075160,51.91458333,23.97708333,17552.84,hydrosheds
2040077470,58.55208333,20.52291667,23465.77,hydrosheds
2040077570,57.99791667,20.43541667,17164.55,hydrosheds
2040078500,52.24791667,16.21458333,17961.41,hydrosheds
2040078750,51.13125,15.17291667,46349.21,hydrosheds
2040084120,36.68125,25.89375,104464.28,hydrosheds
2040085500,55.38125,39.36041667,281499.6,hydrosheds
2040085510,49.26875,23.25208333,237160.88,hydrosheds
2040085520,52.97708333,21.40208333,210104.68,hydrosheds
2040085530,61.75208333,31.48958333,204445.06,hydrosheds
2040085540,51.96041667,22.74791667,135645.44,hydrosheds
2040085550,62.98958333,28.23541667,116685.06,hydrosheds
2040085560,54.78125,21.23958333,103186.68,hydrosheds
2040085570,56.38125,35.15625,93374.3,hydrosheds
2040085580,44.23541667,26.77291667,91072.5,hydrosheds
2040085590,51.82291667,34.70625,84819.3,hydrosheds
2040085620,58.55208333,30.68541667,71698.12,hydrosheds
2040085630,58.82291667,27.41875,69818.13,hydrosheds
2040085640,61.29791667,31.48958333,65620.45,hydrosheds
2040085650,51.23125,22.24375,62643.1,hydrosheds
2040085660,46.13958333,23.22708333,57539.9,hydrosheds
2040085670,55.13541667,19.72708333,56306.16,hydrosheds
2040085690,45.37291667,37.70625,52200.31,hydrosheds
2040085700,55.09791667,32.11458333,49144.24,hydrosheds
2040085710,55.87291667,21.67708333,48539.86,hydrosheds
2040085720,35.48541667,31.52291667,43271.86,hydrosheds
2040085730,52.86458333,32.12291667,41661.1,hydrosheds
2040085740,53.56458333,34.66041667,37530.65,hydrosheds
2040085750,64.79791667,29.17291667,37460.21,hydrosheds
2040085760,48.19375,15.81458333,37126.13,hydrosheds
2040085780,57.87291667,34.78541667,33598.53,hydrosheds
2040085820,62.20625,29.84791667,28100.24,hydrosheds
2040085830,60.54791667,33.90625,27795.29,hydrosheds
2040085850,42.48125,31.39791667,26046.14,hydrosheds
2040085880,57.85208333,43.14375,24306.54,hydrosheds
2040085930,53.54375,29.73958333,21097.13,hydrosheds
2040085940,42.43541667,28.73958333,21078.98,hydrosheds
2040085960,33.42708333,38.71041667,18630.23,hydrosheds
2040085990,42.94791667,38.64375,17045.76,hydrosheds
2040086100,60.93958333,32.41041667,13310.84,hydrosheds
2040086170,40.90208333,22.63541667,11441,hydrosheds
2040086240,61.18541667,30.76458333,10526.42,hydrosheds
2040288980,43.98541667,56.33958333,235213.96,hydrosheds
2040289120,43.98958333,56.33541667,244308.24,hydrosheds
2040292580,45.98541667,56.12708333,493758.08,hydrosheds
2040292690,45.98541667,56.12291667,67239.64,hydrosheds
2040309560,49.34791667,55.16458333,653336.48,hydrosheds
2040309610,49.35208333,55.16041667,523324.28,hydrosheds
2040315940,41.87708333,54.74791667,130724.4,hydrosheds
2040315950,41.88125,54.74791667,50378.49,hydrosheds
2040363700,30.24375,52.54791667,24894.71,hydrosheds
2040363710,30.24791667,52.54791667,31851.46,hydrosheds
2040379750,30.80625,51.94791667,59389.87,hydrosheds
2040379760,30.81041667,51.94791667,42199.08,hydrosheds
2040400100,30.49791667,51.17708333,119911.42,hydrosheds
2040400110,30.50208333,51.17708333,105812.48,hydrosheds
2040416390,30.53125,50.54791667,88489.92,hydrosheds
2040416550,30.52708333,50.54375,245633.6,hydrosheds
2040439100,42.31458333,49.61041667,61052.32,hydrosheds
2040439160,42.30625,49.60625,107149.02,hydrosheds
2040439790,42.63958333,49.58125,168577.06,hydrosheds
2040439800,42.64375,49.58125,34914.29,hydrosheds
2040491970,40.89375,47.60208333,98720.24,hydrosheds
2040491980,40.90208333,47.60208333,259242.96,hydrosheds
2040501810,40.25208333,47.25208333,379756.52,hydrosheds
2040501940,40.25625,47.24791667,49977.36,hydrosheds
2040539930,18.92291667,45.55208333,211258.24,hydrosheds
2040540100,18.92291667,45.54375,40249.77,hydrosheds
2040543090,28.02708333,45.40208333,45856.59,hydrosheds
2040543160,28.03125,45.39791667,701229.52,hydrosheds
2040548500,20.28125,45.13958333,154073.14,hydrosheds
2040548700,20.27291667,45.13541667,257413.98,hydrosheds
2040555600,20.45208333,44.83541667,412149.84,hydrosheds
2040555780,20.45208333,44.83125,87197.08,hydrosheds
2040785890,44.21458333,32.59375,68783.09,hydrosheds
2040785900,44.22291667,32.59375,305975.56,hydrosheds
2040816320,47.44375,31.01041667,221326.96,hydrosheds
2040816390,47.43958333,31.00625,463867.12,hydrosheds
2040816860,47.48125,30.98541667,685210.48,hydrosheds
2040816870,47.48541667,30.98541667,50661.33,hydrosheds
2040828780,48.16041667,30.42708333,756435.6,hydrosheds
2040828790,48.16458333,30.42708333,72045.17,hydrosheds
3040001840,69.99791667,66.78125,2467589.28,hydrosheds
3040002000,71.99791667,66.22291667,54542.93,hydrosheds
3040002560,77.88125,67.36458333,111252.32,hydrosheds
3040002680,80.00208333,67.11458333,150289.18,hydrosheds
3040002870,77.58541667,67.91458333,24517.3,hydrosheds
3040002880,76.27708333,71.17291667,11036.6,hydrosheds
3040003790,81.81458333,70.21041667,23677.05,hydrosheds
3040004740,84.52708333,69.62708333,2489752,hydrosheds
3040005440,87.15208333,73.85625,169628.74,hydrosheds
3040006250,99.73541667,76.11458333,123854.82,hydrosheds
3040006260,106.1229167,73.63958333,13144.28,hydrosheds
3040007880,105.25625,72.77291667,300825.82,hydrosheds
3040007890,113.5520833,73.23125,89818.66,hydrosheds
3040008610,119.7979167,73.00625,217722.92,hydrosheds
3040009130,128.5645833,72.00208333,2453575.04,hydrosheds
3040009320,131.9645833,71.23958333,38863.43,hydrosheds
3040009670,136.5895833,71.52291667,233392.94,hydrosheds
3040009680,146.9729167,72.29791667,42763.03,hydrosheds
3040010470,151.7229167,70.97291667,341227.44,hydrosheds
3040010550,153.6604167,70.84791667,64313.39,hydrosheds
3040010560,159.95625,70.10208333,21526.64,hydrosheds
3040010910,161.4354167,69.35625,652963.76,hydrosheds
3040010920,174.4770833,69.84791667,20818.94,hydrosheds
3040012270,175.20625,64.71875,172110.96,hydrosheds
3040013900,162.45625,56.24375,53172.27,hydrosheds
3040015900,158.29375,58.02708333,17604.17,hydrosheds
3040017570,165.2354167,62.47291667,60100.4,hydrosheds
3040017830,149.0895833,59.63541667,26138.47,hydrosheds
3040024310,93.40208333,49.11458333,146784.7,hydrosheds
3040024350,76.88541667,54.79791667,25548.28,hydrosheds
3040203170,65.77708333,66.14375,130409.32,hydrosheds
3040203310,65.78125,66.13958333,2278501.44,hydrosheds
3040215990,87.98125,65.77291667,456464.2,hydrosheds
3040216320,87.98125,65.76458333,1875384.64,hydrosheds
3040264560,126.4354167,64.38541667,1703180.96,hydrosheds
3040264710,126.4270833,64.38125,455223.4,hydrosheds
3040299300,129.3729167,63.47291667,728242.72,hydrosheds
3040299510,129.36875,63.46875,917135.44,hydrosheds
3040369320,90.12291667,61.58125,237673.4,hydrosheds
3040369500,90.12291667,61.57708333,1519703.04,hydrosheds
3040386960,68.79375,61.08541667,1037760.96,hydrosheds
3040387130,68.79375,61.08125,1139612,hydrosheds
3040411570,120.6729167,60.38125,557028.48,hydrosheds
3040411580,120.6770833,60.38125,208375.96,hydrosheds
3040441450,112.58125,59.48125,233372.92,hydrosheds
3040441670,112.5770833,59.47291667,197263.98,hydrosheds
3040481930,68.21458333,58.16041667,385683.48,hydrosheds
3040481940,68.21875,58.16041667,600578.8,hydrosheds
3040483880,92.98541667,58.09791667,1034536.08,hydrosheds
3040483980,92.98541667,58.09375,359329.2,hydrosheds
3040496490,71.18541667,57.70208333,428450.84,hydrosheds
3040496590,71.18541667,57.69791667,139340.12,hydrosheds
3040679750,106.1354167,50.25208333,148134.74,hydrosheds
3040679760,106.1395833,50.25208333,131779.3,hydrosheds
4040000010,135.2645833,54.71458333,60970.78,hydrosheds
4040000880,140.70625,53.11458333,1998203.36,hydrosheds
4040000890,130.6645833,42.31458333,33171.07,hydrosheds
4040003020,128.99375,35.20625,23296.41,hydrosheds
4040005050,126.7895833,37.61458333,25245.35,hydrosheds
4040005060,125.5604167,38.69791667,19403.92,hydrosheds
4040005710,124.36875,40.03125,62213.03,hydrosheds
4040006520,122.1604167,40.70625,27824.55,hydrosheds
4040006570,121.83125,40.96458333,191233.88,hydrosheds
4040006580,121.58125,40.84375,23442.76,hydrosheds
4040007080,119.2645833,39.42291667,45724.48,hydrosheds
4040007410,117.71875,38.98958333,211331.08,hydrosheds
4040007660,118.0395833,38.09791667,14362.49,hydrosheds
4040007850,119.1729167,37.76875,761253.28,hydrosheds
4040007860,119.78125,34.46458333,58812.6,hydrosheds
4040009880,120.2354167,31.93958333,1909198.56,hydrosheds
4040009890,119.5104167,26.06041667,60893.05,hydrosheds
4040011690,117.84375,24.43125,13823.25,hydrosheds
4040012280,116.8520833,23.45625,29396.96,hydrosheds
4040012770,113.5229167,23.04791667,33310.7,hydrosheds
4040012990,113.25625,22.39791667,389565.48,hydrosheds
4040013000,106.6479167,20.70625,13208.11,hydrosheds
4040015000,106.53125,20.31458333,138855.56,hydrosheds
4040015090,106.7479167,10.49791667,29759.38,hydrosheds
4040017020,106.2520833,9.614583333,774281.52,hydrosheds
4040017030,100.5604167,13.61458333,144308.82,hydrosheds
4040018350,103.44375,3.51875,28865.1,hydrosheds
4040023060,97.66041667,16.55208333,265228.4,hydrosheds
4040023220,96.92291667,17.30208333,34068.24,hydrosheds
4040023810,95.03958333,16.36041667,376349.6,hydrosheds
4040024190,93.00625,20.64375,21445.08,hydrosheds
4040025450,90.63125,23.22291667,1574223.84,hydrosheds
4040025460,86.94375,20.77291667,51413.98,hydrosheds
4040027100,86.65625,20.33125,135526.08,hydrosheds
4040027110,84.12708333,18.34375,10713.87,hydrosheds
4040027780,82.24375,16.71041667,310380.06,hydrosheds
4040027940,80.83541667,15.76041667,258782.42,hydrosheds
4040027950,80.16458333,14.56875,54904.54,hydrosheds
4040028760,79.81458333,11.36458333,78369.78,hydrosheds
4040029530,72.85625,21.66875,96044.16,hydrosheds
4040031820,72.38125,22.38541667,29977.49,hydrosheds
4040032410,69.78958333,21.44791667,10472.91,hydrosheds
4040032880,70.50208333,23.11041667,29277.84,hydrosheds
4040033430,68.59375,23.94375,319156.38,hydrosheds
4040033640,67.65208333,24.08125,854649.92,hydrosheds
4040033650,66.43958333,25.54375,13318.32,hydrosheds
4040037060,141.35625,43.22708333,14409.47,hydrosheds
4040039450,140.8020833,35.75208333,15912.74,hydrosheds
4040048900,81.25208333,8.464583333,10161.39,hydrosheds
4040050210,90.37291667,40.20208333,909036.72,hydrosheds
4040050220,59.71458333,44.90625,622506.92,hydrosheds
4040050230,74.60208333,46.38541667,404800.52,hydrosheds
4040050240,60.95208333,46.33541667,325885.84,hydrosheds
4040050250,63.29791667,48.14791667,143951.68,hydrosheds
4040050260,115.7854167,47.77291667,113024.74,hydrosheds
4040050270,95.16458333,37.01875,109629.06,hydrosheds
4040050280,92.88541667,40.33958333,91361.42,hydrosheds
4040050290,85.96875,45.81041667,81711.17,hydrosheds
4040050300,67.72708333,44.95625,75344.62,hydrosheds
4040050310,66.93958333,45.13541667,73165.43,hydrosheds
4040050320,100.6770833,42.41041667,71257.32,hydrosheds
4040050330,81.67291667,46.15208333,63248.14,hydrosheds
4040050340,82.88958333,44.91875,51701.59,hydrosheds
4040050360,62.30208333,43.41458333,43160.15,hydrosheds
4040050370,101.5770833,41.96041667,40730.02,hydrosheds
4040050380,104.6145833,41.45625,40599.22,hydrosheds
4040050390,103.6145833,44.52708333,37302.35,hydrosheds
4040050410,89.28958333,42.66041667,34859.63,hydrosheds
4040050430,99.13958333,45.58958333,31606.91,hydrosheds
4040050440,91.31041667,45.75208333,30876.07,hydrosheds
4040050450,106.3104167,42.23958333,30330.13,hydrosheds
4040050470,89.04791667,31.77708333,29077.11,hydrosheds
4040050480,100.0395833,42.23125,26040.58,hydrosheds
4040050520,108.0979167,43.38958333,23956.36,hydrosheds
4040050550,103.6020833,39.15208333,22142.49,hydrosheds
4040050580,95.26458333,43.74791667,21092.84,hydrosheds
4040050590,87.43541667,44.66875,20449.3,hydrosheds
4040050610,85.63958333,30.94791667,20080.06,hydrosheds
4040050700,98.03958333,40.39791667,15872.13,hydrosheds
4040050730,66.32291667,45.86458333,15014.11,hydrosheds
4040050740,92.73541667,44.82291667,14258.53,hydrosheds
4040050780,87.52708333,31.88541667,12848.69,hydrosheds
4040050790,103.28125,42.91041667,12536.29,hydrosheds
4040050810,83.05208333,31.57291667,12463.85,hydrosheds
4040050830,111.0979167,42.81041667,12021.94,hydrosheds
4040050900,113.2020833,43.86041667,10799.97,hydrosheds
4040050910,90.65625,30.71458333,10741.32,hydrosheds
4040095270,121.4895833,53.33541667,200833.38,hydrosheds
4040095320,121.4895833,53.33125,293767.54,hydrosheds
4040136170,127.59375,50.24791667,232076.46,hydrosheds
4040136250,127.5895833,50.24375,616425.36,hydrosheds
4040169390,135.0479167,48.46458333,1578542.88,hydrosheds
4040169400,135.0520833,48.46458333,195730.48,hydrosheds
4040186730,132.51875,47.70208333,999994.4,hydrosheds
4040186800,132.51875,47.69791667,552629.8,hydrosheds
4040223160,74.60625,46.38958333,185990.68,hydrosheds
4040223260,74.59791667,46.38541667,216797.84,hydrosheds
4040225090,74.43541667,46.32291667,18972.97,hydrosheds
4040225300,74.43541667,46.31875,196700.54,hydrosheds
4040234270,74.08958333,46.05208333,52029.65,hydrosheds
4040234430,74.09791667,46.04791667,141350.34,hydrosheds
4040273960,59.71458333,44.91041667,43751.01,hydrosheds
4040274280,59.71041667,44.90208333,463252.68,hydrosheds
4040274300,59.71875,44.90208333,53923.85,hydrosheds
4040298550,76.72708333,44.29791667,115833.18,hydrosheds
4040298640,76.72291667,44.29375,12918.61,hydrosheds
4040416190,86.19375,41.03958333,386911.24,hydrosheds
4040416430,86.19791667,41.03125,203047.68,hydrosheds
4040438030,80.93541667,40.48541667,277748.4,hydrosheds
4040438130,80.94375,40.48125,76059.67,hydrosheds
4040449660,90.37291667,40.20625,82860.78,hydrosheds
4040449990,90.37291667,40.19791667,767613.68,hydrosheds
4040462690,79.41875,39.80625,76776.65,hydrosheds
4040462930,79.41875,39.79791667,113684.54,hydrosheds
4040482720,63.50208333,39.17708333,405848.4,hydrosheds
4040484700,63.65625,39.10625,68069.51,hydrosheds
4040484760,63.65625,39.10208333,337555.52,hydrosheds
4040545530,68.31458333,37.11458333,38706.55,hydrosheds
4040545690,68.32291667,37.11041667,116798.48,hydrosheds
4040548260,110.4270833,37.04791667,36898.77,hydrosheds
4040548370,110.4270833,37.04375,441119.72,hydrosheds
4040578640,103.3604167,36.12291667,32883.58,hydrosheds
4040578830,103.3604167,36.11875,184333.26,hydrosheds
4040603570,110.4229167,35.33125,506503.32,hydrosheds
4040603740,110.4229167,35.32708333,40072.64,hydrosheds
4040607260,75.91458333,35.23125,60982.49,hydrosheds
4040607420,75.91458333,35.22708333,71509.95,hydrosheds
4040627250,110.2770833,34.61875,548969.24,hydrosheds
4040627620,110.2729167,34.61041667,135138.94,hydrosheds
4040648310,72.23541667,33.90208333,92571.56,hydrosheds
4040648320,72.23958333,33.90208333,201574.88,hydrosheds
4040694190,119.80625,32.31458333,172079.42,hydrosheds
4040694350,119.80625,32.31041667,1732696.8,hydrosheds
4040748300,114.2770833,30.56458333,165306.1,hydrosheds
4040748310,114.2854167,30.56458333,1293973.84,hydrosheds
4040773130,116.2354167,29.76458333,1493199.36,hydrosheds
4040773260,116.2354167,29.76041667,162424.28,hydrosheds
4040783120,113.1395833,29.46041667,1011219.84,hydrosheds
4040783330,113.14375,29.45625,260551.32,hydrosheds
4040794590,70.65208333,29.10625,419633.24,hydrosheds
4040794730,70.65208333,29.10208333,287889.84,hydrosheds
4040838850,95.27291667,27.71458333,256374.24,hydrosheds
4040839030,95.27291667,27.71041667,41499,hydrosheds
4040865800,93.85625,26.85625,33952.67,hydrosheds
4040865930,93.85625,26.85208333,320576.34,hydrosheds
4040879040,67.87708333,26.41875,97040.42,hydrosheds
4040879050,67.88125,26.41875,740522.96,hydrosheds
4040960200,89.73958333,23.80625,539868.48,hydrosheds
4040960480,89.73958333,23.79791667,944594.96,hydrosheds
4040975150,90.60208333,23.27708333,1488646.56,hydrosheds
4040975160,90.60625,23.27708333,85401.1,hydrosheds
4041043580,102.20625,20.05625,231704.04,hydrosheds
4041043590,102.2145833,20.05625,26058.02,hydrosheds
4041108500,105.51875,15.32291667,420814.64,hydrosheds
4041108580,105.51875,15.31875,119867.8,hydrosheds
4041128230,105.95625,13.54375,560097.56,hydrosheds
4041128330,105.95625,13.53958333,79015.17,hydrosheds
4041144860,104.9520833,11.56875,665658.8,hydrosheds
4041144880,104.9520833,11.56458333,88253.82,hydrosheds
5040000010,97.78125,2.25625,11947.94,hydrosheds
5040003690,100.9270833,1.810416667,19228.42,hydrosheds
5040003700,102.1229167,1.122916667,11645.21,hydrosheds
5040004220,102.5770833,0.16875,20388.69,hydrosheds
5040004230,103.44375,-0.35625,17440.37,hydrosheds
5040004800,104.1895833,-1.097916667,42680.52,hydrosheds
5040005140,105.0229167,-2.402083333,54847.88,hydrosheds
5040007690,112.6354167,-7.064583333,15836.11,hydrosheds
5040015660,114.55625,-3.322916667,13234.97,hydrosheds
5040015820,114.2979167,-3.310416667,60622.81,hydrosheds
5040015830,113.3229167,-3.214583333,19132.39,hydrosheds
5040017030,109.1895833,-0.139583333,83876.64,hydrosheds
5040017820,111.5145833,2.352083333,45413.07,hydrosheds
5040017830,117.60625,2.922916667,29917.32,hydrosheds
5040021180,117.33125,-0.747916667,76429.54,hydrosheds
5040022500,121.64375,18.32708333,27711.93,hydrosheds
5040041230,145.0104167,-7.814583333,31687.67,hydrosheds
5040041240,144.3729167,-7.510416667,16574.61,hydrosheds
5040041870,142.4020833,-8.277083333,63708.02,hydrosheds
5040041880,138.4229167,-5.65625,27955.81,hydrosheds
5040046910,137.8645833,-1.59375,79015.76,hydrosheds
5040047720,144.46875,-3.902083333,80131.23,hydrosheds
5040047730,144.6645833,-4.022916667,17822.6,hydrosheds
5040049720,141.6770833,-15.24375,63660.54,hydrosheds
5040055960,115.1729167,-34.32291667,22582.64,hydrosheds
5040056460,115.74375,-32.03958333,99518.72,hydrosheds
5040056470,115.5020833,-31.35625,13737.45,hydrosheds
5040056740,114.1604167,-27.70208333,65654.06,hydrosheds
5040056750,114.24375,-25.87708333,10496.15,hydrosheds
5040057320,113.65625,-24.86875,73672.02,hydrosheds
5040057330,113.65625,-24.16875,30326.52,hydrosheds
5040057710,114.91875,-21.69375,77104.09,hydrosheds
5040057720,119.1729167,-20.00208333,53454.51,hydrosheds
5040059440,123.5854167,-17.57708333,95694.54,hydrosheds
5040059450,128.3145833,-15.48125,52662.13,hydrosheds
5040061660,129.9270833,-15.44375,99412.46,hydrosheds
5040061670,130.2770833,-13.31458333,54522.49,hydrosheds
5040064130,135.33125,-14.73958333,77474.17,hydrosheds
5040064140,139.6020833,-17.52708333,43398.33,hydrosheds
5040065600,140.7354167,-17.53541667,107783.52,hydrosheds
5040068450,147.5229167,-19.66458333,129696.24,hydrosheds
5040069590,150.7020833,-23.50625,140914.34,hydrosheds
5040069960,152.38125,-24.79375,33211.53,hydrosheds
5040069970,153.1229167,-27.43125,13652.27,hydrosheds
5040070700,153.3645833,-29.43125,22150.69,hydrosheds
5040070710,151.74375,-32.85208333,21293.66,hydrosheds
5040073410,139.38125,-35.34791667,775219.84,hydrosheds
5040075470,129.6479167,-30.60208333,13809.76,hydrosheds
5040077640,147.11875,-41.40625,10199.31,hydrosheds
5040082270,169.8104167,-46.34375,20630.37,hydrosheds
5040085040,174.7729167,-37.34375,14398.51,hydrosheds
5040087590,137.20625,-28.42708333,736713.04,hydrosheds
5040087600,133.0854167,-18.68125,78249.68,hydrosheds
5040087610,142.91875,-29.35625,71783.05,hydrosheds
5040087620,135.6479167,-18.79791667,64371.71,hydrosheds
5040087630,143.59375,-30.80208333,59266.89,hydrosheds
5040087640,127.4520833,-20.21458333,56928.77,hydrosheds
5040087660,128.8020833,-22.61875,53170.77,hydrosheds
5040087670,122.7104167,-23.41041667,50103.94,hydrosheds
5040087690,124.3645833,-31.16041667,45115.46,hydrosheds
5040087710,127.5770833,-27.70625,43488.13,hydrosheds
5040087730,123.79375,-22.48541667,38808.17,hydrosheds
5040087740,115.8229167,-29.73125,36624.61,hydrosheds
5040087750,123.8395833,-19.43958333,35899.38,hydrosheds
5040087760,137.8604167,-31.25208333,32840.78,hydrosheds
5040087780,133.5145833,-17.83125,31166.54,hydrosheds
5040087800,122.3229167,-26.11875,29956.9,hydrosheds
5040087810,133.0520833,-29.63958333,29369.33,hydrosheds
5040087830,129.1604167,-29.09791667,27130.05,hydrosheds
5040087840,131.0229167,-24.84791667,26759.03,hydrosheds
5040088010,130.4770833,-28.82291667,14537.78,hydrosheds
5040088050,123.18125,-29.53958333,13924.9,hydrosheds
5040088170,126.61875,-23.33958333,10817.99,hydrosheds
5040324520,137.9979167,-21.05208333,51614,hydrosheds
5040324690,137.99375,-21.05625,33116.24,hydrosheds
5040455970,138.9270833,-26.83541667,227236.28,hydrosheds
5040456070,138.93125,-26.83958333,121112.78,hydrosheds
5040491370,137.20625,-28.41875,81906.02,hydrosheds
5040491380,137.2104167,-28.41875,360229.64,hydrosheds
5040491500,137.20625,-28.42291667,442135.84,hydrosheds
5040491510,137.2104167,-28.42291667,247816.1,hydrosheds
5040511420,146.7604167,-29.34791667,35156.52,hydrosheds
5040511570,146.7645833,-29.35625,95584.92,hydrosheds
5040524780,146.3145833,-29.94791667,146317.34,hydrosheds
5040524870,146.31875,-29.95208333,243195.86,hydrosheds
5040533380,145.3479167,-30.40208333,53421.71,hydrosheds
5040533450,145.3479167,-30.40625,409833.92,hydrosheds
5040591010,141.9145833,-34.11041667,495471.96,hydrosheds
5040591050,141.9145833,-34.11458333,249850.18,hydrosheds
6040000010,-76.94791667,8.122916667,35996.67,hydrosheds
6040000740,-74.84375,11.06875,260738.96,hydrosheds
6040000750,-71.74375,9.335416667,27553.31,hydrosheds
6040004470,-60.98125,8.577083333,938384.24,hydrosheds
6040004870,-58.59375,6.447916667,154860.56,hydrosheds
6040004880,-57.53541667,6.247916667,15817,hydrosheds
6040005180,-57.13541667,5.789583333,64284.54,hydrosheds
6040005190,-55.93125,5.80625,21204,hydrosheds
6040005490,-54.01458333,5.585416667,66408.64,hydrosheds
6040005500,-51.61041667,4.202083333,26097.74,hydrosheds
6040006470,-50.10208333,1.210416667,42497.13,hydrosheds
6040007000,-51.08125,-0.66875,5912760.32,hydrosheds
6040007010,-50.41875,-1.88125,52964.86,hydrosheds
6040007950,-49.39791667,-2.189583333,772470.48,hydrosheds
6040007960,-48.49375,-1.485416667,49626.16,hydrosheds
6040008320,-44.81041667,-3.327083333,55843.15,hydrosheds
6040009760,-41.84375,-2.802083333,332986.46,hydrosheds
6040009770,-37.78541667,-4.44375,73489.62,hydrosheds
6040011780,-36.40625,-10.46458333,637199.24,hydrosheds
6040011790,-38.91458333,-12.73541667,54759.59,hydrosheds
6040012580,-38.99375,-14.26875,55393.08,hydrosheds
6040012590,-38.93958333,-15.68958333,31591.76,hydrosheds
6040012790,-38.86458333,-15.84791667,70981.55,hydrosheds
6040012800,-39.55625,-18.09791667,15613.56,hydrosheds
6040013420,-39.79375,-19.60625,82937.23,hydrosheds
6040013750,-41.03958333,-21.61875,57234.24,hydrosheds
6040014330,-47.38958333,-24.63958333,24753.15,hydrosheds
6040015560,-51.25625,-30.01458333,71807.91,hydrosheds
6040015570,-51.76875,-31.27708333,16910.5,hydrosheds
6040015940,-52.25208333,-31.78125,56212.23,hydrosheds
6040015950,-56.38541667,-34.78125,13459.84,hydrosheds
6040016720,-58.35208333,-33.38541667,71072.9,hydrosheds
6040016760,-58.10208333,-32.94375,266131.56,hydrosheds
6040016970,-58.52291667,-33.93541667,2594298.24,hydrosheds
6040017380,-57.36041667,-35.74791667,86110.06,hydrosheds
6040017530,-57.06041667,-36.30208333,17420.99,hydrosheds
6040017970,-58.70625,-38.58125,10320.99,hydrosheds
6040018850,-62.16875,-39.86875,294183.04,hydrosheds
6040019090,-62.80208333,-40.99375,112937.94,hydrosheds
6040020000,-65.04791667,-43.32291667,95222.04,hydrosheds
6040020950,-65.92291667,-47.75625,23937.41,hydrosheds
6040020960,-68.57291667,-49.92291667,18118.39,hydrosheds
6040021210,-68.61458333,-49.97291667,26959.82,hydrosheds
6040021220,-69.42291667,-51.08541667,16309.1,hydrosheds
6040023980,-73.33125,-48.21041667,14020.06,hydrosheds
6040024060,-73.57291667,-47.79375,26814.19,hydrosheds
6040025130,-72.77291667,-45.41041667,12294.01,hydrosheds
6040025410,-72.97291667,-43.78125,13162.06,hydrosheds
6040025420,-72.75625,-42.95208333,11388.62,hydrosheds
6040026140,-73.69791667,-40.23958333,15088.75,hydrosheds
6040026750,-73.15208333,-36.81041667,24252.15,hydrosheds
6040026760,-72.84791667,-36.38541667,11424.96,hydrosheds
6040026990,-72.40625,-35.31875,21105.12,hydrosheds
6040027000,-71.63541667,-33.61875,15099.68,hydrosheds
6040028290,-70.93125,-27.31458333,18467.27,hydrosheds
6040028300,-70.63125,-26.34375,11048.79,hydrosheds
6040029040,-70.06041667,-21.43125,35438.44,hydrosheds
6040029050,-69.68125,-20.81458333,14461.17,hydrosheds
6040029280,-81.12708333,-4.885416667,17760.73,hydrosheds
6040032290,-79.83958333,-2.397916667,32683.97,hydrosheds
6040040460,-64.72708333,-29.96458333,149003.04,hydrosheds
6040040470,-68.12708333,-19.18541667,145278.98,hydrosheds
6040040500,-66.81458333,-42.86458333,23805.92,hydrosheds
6040040510,-62.41041667,-35.98958333,23382.88,hydrosheds
6040040530,-67.01458333,-37.39791667,16177.73,hydrosheds
6040075390,-62.71875,8.352083333,830662.32,hydrosheds
6040075410,-62.71458333,8.347916667,92045.96,hydrosheds
6040084750,-66.34375,7.61875,136723.62,hydrosheds
6040084790,-66.34375,7.614583333,548819.12,hydrosheds
6040102250,-67.45208333,6.19375,109267.18,hydrosheds
6040102330,-67.45208333,6.189583333,352421.56,hydrosheds
6040134450,-67.71458333,4.077083333,151606.92,hydrosheds
6040134460,-67.71041667,4.077083333,100975.12,hydrosheds
6040239720,-51.79791667,-1.497916667,5393040.64,hydrosheds
6040239820,-51.79791667,-1.502083333,513313.48,hydrosheds
6040262110,-54.73541667,-2.402083333,4696940.16,hydrosheds
6040262220,-54.74375,-2.40625,494551.24,hydrosheds
6040280400,-59.90625,-3.14375,714735.28,hydrosheds
6040280410,-59.90208333,-3.14375,2216711.04,hydrosheds
6040285930,-58.63541667,-3.35625,2937678.4,hydrosheds
6040285990,-58.63541667,-3.360416667,1368840.32,hydrosheds
6040334790,-42.83958333,-5.035416667,238319.6,hydrosheds
6040334800,-42.83541667,-5.035416667,52199.58,hydrosheds
6040344540,-49.18958333,-5.34375,699576.16,hydrosheds
6040344660,-49.18958333,-5.347916667,41529.28,hydrosheds
6040345000,-48.70625,-5.360416667,308344.94,hydrosheds
6040345180,-48.70625,-5.36875,386072.96,hydrosheds
6040372330,-42.85625,-6.252083333,152536.14,hydrosheds
6040372340,-42.85208333,-6.252083333,75430.11,hydrosheds
6040389860,-43.39375,-6.83125,89132.4,hydrosheds
6040389870,-43.38958333,-6.83125,48641.73,hydrosheds
6040401890,-44.57291667,-7.235416667,25645.2,hydrosheds
6040401900,-44.56875,-7.235416667,51975.96,hydrosheds
6040476790,-50.21041667,-9.84375,228748.46,hydrosheds
6040476800,-50.20208333,-9.84375,52757.85,hydrosheds
6040510750,-43.14375,-11.09791667,77451.6,hydrosheds
6040510890,-43.14375,-11.10208333,347822.64,hydrosheds
6040527670,-50.71458333,-11.75208333,61613.28,hydrosheds
6040527680,-50.71041667,-11.75208333,134697.62,hydrosheds
6040562010,-43.46875,-13.13541667,34405.86,hydrosheds
6040562020,-43.46041667,-13.13541667,272102.68,hydrosheds
6040595200,-43.90208333,-14.59791667,204214.2,hydrosheds
6040595210,-43.89375,-14.59791667,30808.78,hydrosheds
6040639910,-45.10625,-16.56875,45168.85,hydrosheds
6040639920,-45.10208333,-16.56875,107018.46,hydrosheds
6040709810,-51.03958333,-20.16875,223581.46,hydrosheds
6040709820,-51.03541667,-20.16875,143484.02,hydrosheds
6040752460,-53.11458333,-22.62708333,574726.56,hydrosheds
6040752470,-53.11041667,-22.62708333,101738.66,hydrosheds
6040814820,-58.64791667,-27.34375,1136980.4,hydrosheds
6040814830,-58.64375,-27.34375,951736.72,hydrosheds
6040862810,-67.70208333,-31.03125,27147.89,hydrosheds
6040862860,-67.70625,-31.03541667,33460.04,hydrosheds
6040870370,-60.58125,-31.72291667,225844.4,hydrosheds
6040870380,-60.57708333,-31.72291667,2249532.96,hydrosheds
6040877590,-67.37708333,-32.36458333,67995.14,hydrosheds
6040877660,-67.38125,-32.36875,50977.26,hydrosheds
6040913900,-66.84375,-36.29375,31094.76,hydrosheds
6040913910,-66.83958333,-36.29375,189763.46,hydrosheds
6040933800,-64.98541667,-38.81458333,251775.82,hydrosheds
6040933820,-64.98541667,-38.81875,36956.23,hydrosheds
7040000010,-97.78958333,15.98541667,18345.83,hydrosheds
7040005410,-102.1354167,17.95208333,111463.92,hydrosheds
7040005420,-105.29375,20.68958333,12315.25,hydrosheds
7040006390,-105.44375,21.63958333,122677.26,hydrosheds
7040006400,-105.5020833,21.75625,25736.29,hydrosheds
7040007380,-109.41875,25.82708333,34844,hydrosheds
7040007390,-109.8020833,26.73541667,14144.98,hydrosheds
7040007830,-110.5895833,27.65625,72968.78,hydrosheds
7040007840,-112.9854167,30.53125,25987.26,hydrosheds
7040008710,-114.95625,31.91875,620437.52,hydrosheds
7040013170,-121.7979167,36.74375,11095.25,hydrosheds
7040013550,-121.94375,38.05625,124352.62,hydrosheds
7040014200,-124.04375,41.52291667,31130.42,hydrosheds
7040014250,-124.43125,42.42291667,13341.72,hydrosheds
7040014930,-123.4645833,46.26041667,651407.2,hydrosheds
7040016260,-122.96875,49.15625,230830.72,hydrosheds
7040019010,-129.58125,54.21041667,51784.93,hydrosheds
7040019190,-129.6020833,55.01041667,19829.5,hydrosheds
7040020090,-132.2520833,56.68541667,50659.01,hydrosheds
7040020100,-133.9229167,58.50208333,17420.45,hydrosheds
7040021620,-94.82291667,59.06875,50243.26,hydrosheds
7040021690,-94.60625,58.89791667,13992.38,hydrosheds
7040021740,-94.18958333,58.66875,302499.9,hydrosheds
7040022240,-92.73958333,56.93541667,1004347.44,hydrosheds
7040022270,-92.24791667,57.01875,107549.66,hydrosheds
7040022840,-87.64375,55.98125,101171.98,hydrosheds
7040022850,-85.16458333,55.26458333,65635.28,hydrosheds
7040024290,-81.57291667,52.29375,134726.16,hydrosheds
7040024580,-80.46041667,51.32708333,107727.46,hydrosheds
7040024600,-79.76875,51.14791667,29226.72,hydrosheds
7040024830,-78.91875,51.21458333,66053.71,hydrosheds
7040024840,-78.83541667,51.35208333,21100.17,hydrosheds
7040024890,-78.69375,51.49375,41986.87,hydrosheds
7040025090,-78.43125,52.23541667,46090.71,hydrosheds
7040025560,-78.91041667,53.81458333,96570.1,hydrosheds
7040025570,-77.73958333,55.27291667,41172.31,hydrosheds
7040028070,-70.99791667,60.07291667,40952.57,hydrosheds
7040028410,-70.08958333,58.77708333,41858.02,hydrosheds
7040028670,-68.48125,58.02708333,135538.46,hydrosheds
7040028680,-67.67291667,58.08541667,31579.13,hydrosheds
7040029000,-66.01041667,58.48958333,40742.03,hydrosheds
7040029460,-60.68541667,55.03958333,10711.51,hydrosheds
7040031660,-60.13958333,53.52291667,14658.17,hydrosheds
7040031710,-60.18541667,53.31875,92709.58,hydrosheds
7040031720,-57.45625,53.56875,11301.89,hydrosheds
7040032940,-59.60625,50.46875,19337.52,hydrosheds
7040033110,-61.69791667,50.13958333,16075.62,hydrosheds
7040033120,-63.80625,50.29791667,14325.38,hydrosheds
7040033480,-69.76458333,48.13958333,87595.8,hydrosheds
7040034520,-71.19375,46.81458333,1053293.76,hydrosheds
7040034530,-66.07708333,45.26458333,54912.82,hydrosheds
7040038340,-69.79375,43.85625,24591.02,hydrosheds
7040039620,-72.34791667,41.31041667,28999.23,hydrosheds
7040039870,-74.01458333,40.73541667,34791.52,hydrosheds
7040039880,-75.51041667,39.70208333,28584.29,hydrosheds
7040041050,-76.09791667,39.56875,70980.33,hydrosheds
7040041400,-77.02708333,38.85625,30316.57,hydrosheds
7040041410,-77.26458333,37.31875,18243.72,hydrosheds
7040042040,-76.70208333,35.92708333,24470.97,hydrosheds
7040043090,-79.25625,33.36458333,40953.31,hydrosheds
7040043160,-79.25625,33.15625,39730.15,hydrosheds
7040043170,-81.38958333,31.33541667,37509.7,hydrosheds
7040045890,-84.98958333,29.73958333,50745.5,hydrosheds
7040045900,-86.10625,30.38958333,11890.73,hydrosheds
7040046590,-88.03541667,30.68125,112529.98,hydrosheds
7040046600,-88.60625,30.39791667,21775.55,hydrosheds
7040046750,-89.64791667,30.16458333,20909.59,hydrosheds
7040047060,-89.26458333,29.11041667,3179500.16,hydrosheds
7040047070,-91.23958333,29.65625,12050.85,hydrosheds
7040047850,-93.83958333,29.69375,54155.32,hydrosheds
7040047970,-94.69791667,29.75208333,46108.12,hydrosheds
7040048300,-95.37708333,28.87708333,109492.56,hydrosheds
7040048410,-95.97708333,28.59791667,106729.92,hydrosheds
7040048420,-97.51875,27.86458333,43567.78,hydrosheds
7040049270,-97.14791667,25.95625,475503.2,hydrosheds
7040049280,-97.77708333,23.78125,20950.03,hydrosheds
7040049990,-97.78958333,22.25625,85839.74,hydrosheds
7040050640,-95.74791667,18.74791667,39661.21,hydrosheds
7040050650,-94.40625,18.16041667,21350.6,hydrosheds
7040050920,-92.67291667,18.56458333,123641.06,hydrosheds
7040050930,-83.14791667,14.98958333,24600.67,hydrosheds
7040054660,-83.58541667,10.78125,41214.42,hydrosheds
7040059990,-55.39791667,49.03541667,11257.95,hydrosheds
7040073620,-112.83125,41.41041667,86895.52,hydrosheds
7040073630,-118.6479167,39.80625,53631.77,hydrosheds
7040073640,-102.5229167,25.78541667,46308.12,hydrosheds
7040073660,-106.9645833,31.15208333,33345.34,hydrosheds
7040073690,-116.8979167,36.37708333,21174.1,hydrosheds
7040073710,-115.8354167,33.33541667,20050.79,hydrosheds
7040073720,-119.0520833,40.90208333,17492.29,hydrosheds
7040073780,-118.7854167,43.32708333,12252.19,hydrosheds
7040192420,-98.10208333,53.32708333,335029.54,hydrosheds
7040192560,-98.09791667,53.32291667,561701.8,hydrosheds
7040194860,-105.0854167,53.23541667,121598.86,hydrosheds
7040194980,-105.0770833,53.23125,131442.04,hydrosheds
7040256540,-109.8854167,50.92291667,44043.23,hydrosheds
7040256690,-109.8854167,50.91875,61815.73,hydrosheds
7040282720,-111.69375,49.93958333,23861.56,hydrosheds
7040282770,-111.6979167,49.93541667,28558.61,hydrosheds
7040374800,-72.52291667,46.33958333,41991.35,hydrosheds
7040374950,-72.52291667,46.33541667,986574.32,hydrosheds
7040379310,-119.03125,46.19791667,260938.7,hydrosheds
7040379430,-119.0354167,46.19375,269625.12,hydrosheds
7040388580,-116.7895833,45.85625,36186.08,hydrosheds
7040388740,-116.7895833,45.85208333,173889.98,hydrosheds
7040392520,-83.82708333,45.73125,214026.6,hydrosheds
7040392650,-83.82708333,45.72708333,184283.08,hydrosheds
7040394680,-122.7645833,45.65625,28948.98,hydrosheds
7040394690,-122.7604167,45.65625,610224.8,hydrosheds
7040395190,-120.9145833,45.63958333,571393.92,hydrosheds
7040395340,-120.9145833,45.63541667,27549.56,hydrosheds
7040402320,-73.78958333,45.39791667,147405.8,hydrosheds
7040402430,-73.78541667,45.39375,782539.6,hydrosheds
7040426310,-82.41041667,44.53125,450208.6,hydrosheds
7040426320,-82.40625,44.53125,68517.65,hydrosheds
7040569640,-90.11875,38.81041667,1326743.36,hydrosheds
7040569650,-90.11458333,38.81041667,446350.76,hydrosheds
7040585110,-109.8895833,38.18958333,115603.28,hydrosheds
7040585120,-109.8854167,38.18958333,67936.5,hydrosheds
7040607990,-110.9020833,37.18541667,207533.26,hydrosheds
7040608130,-110.9020833,37.18125,64725.44,hydrosheds
7040612640,-89.13125,36.98958333,527761.24,hydrosheds
7040612840,-89.12708333,36.98125,1815893.44,hydrosheds
7040632150,-111.8020833,36.19791667,285991.72,hydrosheds
7040632220,-111.7979167,36.19375,67719.53,hydrosheds
7040686450,-91.10208333,33.77708333,409027.04,hydrosheds
7040686540,-91.10208333,33.77291667,2469256,hydrosheds
7040707710,-114.54375,32.72708333,466505.24,hydrosheds
7040707810,-114.54375,32.72291667,148871.94,hydrosheds
7040741760,-91.66458333,30.98958333,239195.08,hydrosheds
7040741770,-91.65625,30.98958333,2934853.12,hydrosheds
8040000010,-138.5895833,59.16458333,28067.82,hydrosheds
8040000810,-144.9104167,60.48125,65703.55,hydrosheds
8040002260,-150.5604167,61.36041667,50346.5,hydrosheds
8040002270,-156.9229167,58.97708333,24366.88,hydrosheds
8040004480,-158.43125,59.01458333,35917.52,hydrosheds
8040004910,-162.41875,60.03541667,123076.7,hydrosheds
8040005510,-164.4645833,63.03125,832828.72,hydrosheds
8040005520,-160.28125,66.59791667,15073.95,hydrosheds
8040007020,-161.21875,66.57708333,30059.88,hydrosheds
8040007180,-162.4229167,67.06041667,32534.82,hydrosheds
8040007190,-156.2020833,70.91875,12998.94,hydrosheds
8040008230,-152.74375,70.85625,17990.38,hydrosheds
8040008380,-150.9645833,70.41458333,59613.22,hydrosheds
8040008390,-148.19375,70.33958333,12436.44,hydrosheds
8040009560,-135.15625,69.24791667,1795841.44,hydrosheds
8040009570,-128.8729167,69.66458333,66586.77,hydrosheds
8040010700,-115.5229167,67.88125,14747.03,hydrosheds
8040011270,-115.09375,67.80625,30833.04,hydrosheds
8040011280,-108.9104167,67.39791667,13774.25,hydrosheds
8040011800,-108.09375,66.85625,25410.74,hydrosheds
8040012600,-103.9895833,68.03958333,17693.19,hydrosheds
8040013480,-95.33958333,67.15625,118549.88,hydrosheds
8040013490,-89.96458333,68.33125,10192.49,hydrosheds
8040016860,-89.99375,64.13958333,11606.54,hydrosheds
8040018080,-93.80208333,64.21458333,29836.7,hydrosheds
8040018120,-93.95208333,63.92708333,244858.3,hydrosheds
8040018730,-93.33541667,62.06041667,22820.57,hydrosheds
8040018740,-93.98541667,61.39375,16288.11,hydrosheds
8040018970,-94.69375,60.45625,59709.92,hydrosheds
8040020760,-175.9604167,67.84791667,13070.89,hydrosheds
8040022890,-124.0270833,73.58958333,11133.58,hydrosheds
8040024130,-116.80625,71.26458333,15778.48,hydrosheds
8040038870,-72.03958333,66.67291667,64751.39,hydrosheds
8040141350,-145.33125,66.61041667,91659.1,hydrosheds
8040141480,-145.33125,66.60625,340353.2,hydrosheds
8040176060,-152.34375,65.16458333,509645.08,hydrosheds
8040176200,-152.34375,65.16041667,114608.48,hydrosheds
8040183070,-125.60625,64.89791667,162692.56,hydrosheds
8040183170,-125.60625,64.89375,1434157.12,hydrosheds
8040183760,-157.8854167,64.86458333,80724.99,hydrosheds
8040183880,-157.8854167,64.86041667,666821.32,hydrosheds
8040219130,-139.4145833,63.29791667,51109.9,hydrosheds
8040219290,-139.41875,63.28958333,196663.34,hydrosheds
8040252610,-121.30625,61.86041667,1039671.52,hydrosheds
8040252760,-121.30625,61.85625,275685.5,hydrosheds
8040264670,-114.1604167,61.31041667,267547.16,hydrosheds
8040264770,-114.1604167,61.30625,607758.56,hydrosheds
8040307300,-111.4104167,59.00208333,292496.94,hydrosheds
8040307380,-111.4145833,58.99791667,298825,hydrosheds
1159300,21.23923533,-28.45790547,364560,grdc
1159301,22.74591331,-29.65171083,339310,grdc
1159302,23.69594394,-29.16201978,99316,grdc
1159304,23.57510692,-29.1828515,296170,grdc
1159305,24.9625,-30.53472222,8266,grdc
1159400,24.74598156,-27.57350603,11044,grdc
1159490,24.60069589,-28.51622689,121220,grdc
1159535,26.46388889,-27.38972222,79903,grdc
1159548,27.09033,-26.64428,3595,grdc
1159650,26.71638889,-30.67833333,37070,grdc
1159651,27.35861111,-30.33638889,24745,grdc
1159653,27.40138889,-30.15972222,2990,grdc
1159660,26.92055556,-30.83055556,8689,grdc
1160200,18.11771353,-30.82412669,2351,grdc
1160351,22.61444444,-33.94527778,79,grdc
1160373,21.65333333,-33.98027778,43451,grdc
1160385,22.97388889,-33.54527778,33,grdc
1160400,22.35027778,-34.00666667,145,grdc
1160403,22.22194444,-34.02861111,131,grdc
1160405,22.4225,-33.95111111,34,grdc
1160410,22.13083333,-33.93527778,4,grdc
1160417,22.05277778,-34.03166667,215,grdc
1160419,22.13222222,-34.03944444,198,grdc
1160425,22.70777778,-33.9125,72,grdc
1160427,22.83777778,-33.88083333,23,grdc
1160430,23.02944444,-33.89111111,135,grdc
1160455,23.63861111,-33.95555556,56,grdc
1160470,24.23438889,-33.20372222,1296,grdc
1160510,26.44475,-33.09825,23067,grdc
1160725,30.68861111,-29.64244444,3771,grdc
1160730,26.78569444,-31.92288889,2193,grdc
1160815,30.01280383,-28.40485781,658,grdc
1160913,31.20944444,-27.93863889,324,grdc
1160940,20.99194444,-34.25166667,790,grdc
1160955,20.71305556,-33.91055556,10,grdc
1160957,20.53583333,-34.02027778,25,grdc
1160960,21.29416667,-34.0925,229,grdc
1196300,27.47969463,-24.16053356,1054,grdc
1196360,28.09553275,-24.28629974,1801,grdc
1196370,27.97320759,-24.21681628,499,grdc
1196405,28.00392156,-22.93476395,98240,grdc
1196415,27.47603,-25.80925,88,grdc
1199200,30.85391667,-27.52808333,953,grdc
1234150,2.09,13.52,7e+05,grdc
1992700,35.2,-15.07,130200,grdc
1992790,34.81,-16.03,138600,grdc
1992850,35.668056,-16.084722,19300,grdc
1992900,35.13,-16.55,149500,grdc
1993401,34.05,-10.9,11800,grdc
2260100,95.7,26,27420,grdc
2260500,96.1,21.98,120193,grdc
2261500,96.47,18.92,14660,grdc
3368100,-57.640602,-25.275981,NA,grdc
3368110,-57.454594,-23.407463,NA,grdc
4116186,-116.4209,43.2918,108521,grdc
4116330,-116.3239,45.7503,35094.5,grdc
4116460,-116.279,43.6602,7252,grdc
4119170,-90.5349,41.767,6050.2,grdc
4119264,-91.2852,41.41,20168.3,grdc
4119282,-94.2014,42.5061,10852.1,grdc
4119285,-93.95,41.5339,8912.2,grdc
4119401,-89.3565,41.1073,35076.4,grdc
4120125,-108.434,44.8388,6086.5,grdc
4120200,-106.3645,48.1297,57839.9,grdc
4120202,-109.6958,48.5639,14983.2,grdc
4120900,-104.4727,48.125,237132.6,grdc
4120902,-110.2577,48.005,89041.6,grdc
4120951,-108.4674,45.8,30575,grdc
4120953,-110.7944,45.1119,6783.2,grdc
4121801,-95.9225,41.2589,846305.8,grdc
4122151,-107.0575,41.8722,10813.3,grdc
4122152,-104.0533,41.9886,57544.6,grdc
4122153,-105.1633,42.6505,38914.8,grdc
4122155,-106.5131,42.0097,6055.4,grdc
4122160,-95.6258,40.6325,7267.5,grdc
4122221,-100.8557,38.7925,9207.5,grdc
4122280,-91.9774,37.9298,7355.6,grdc
4122603,-98.282,40.8745,149313.5,grdc
4123130,-87.7528,38.402,74164.7,grdc
4123207,-86.7922,38.6673,12760.9,grdc
4123352,-79.7184,40.6153,29551.9,grdc
4125551,-100.3707,35.935,59222.9,grdc
4127502,-89.8362,37.9028,1835274,grdc
4127700,-90.6967,32.3475,7283.1,grdc
4133500,-86.2597,41.8292,9494.9,grdc
4133750,-85.6764,42.9645,12691,grdc
4147720,-77.1291,40.4784,8686.9,grdc
4148541,-80.654,34.2446,13131.3,grdc
4148546,-80.974,34.9849,7899.5,grdc
4148610,-81.4159,32.1916,6863.5,grdc
4148650,-81.2687,32.5282,25511.5,grdc
4149120,-89.8209,30.7932,17024.1,grdc
4149121,-90.0878,31.5536,12931.9,grdc
4149300,-88.7244,30.9778,17068.1,grdc
4149350,-88.5644,31.1483,6967.1,grdc
4149360,-88.8058,31.1028,9052,grdc
4149441,-85.2566,34.2004,10463.6,grdc
4150281,-98.1781,28.4275,39956,grdc
4150282,-98.5572,28.3089,20960.9,grdc
4150330,-97.3847,28.6497,10155.4,grdc
4150461,-99.1092,30.6607,8409.7,grdc
4150475,-99.9195,31.516,17026.7,grdc
4150505,-99.2245,32.9346,10328.9,grdc
4151511,-104.3227,32.9884,38228.4,grdc
4151513,-104.3878,34.6042,11370.1,grdc
4151514,-104.525,34.7301,10282.3,grdc
4151515,-102.4172,31.1131,76560.4,grdc
4151802,-106.1422,35.8747,37037,grdc
4152050,-114.6319,32.7317,618715,grdc
4152110,-114.5397,36.643,17560.2,grdc
4152202,-114.4205,32.7609,149831.5,grdc
4152300,-110.9215,33.6195,11152.5,grdc
4152301,-110.4998,38.7981,7378.9,grdc
4152400,-111.7163,34.0731,15174.8,grdc
4152900,-109.2959,33.0495,7163.9,grdc
4207150,-124.26889,54.416389,14600,grdc
4207603,-121.6687469,54.23117065,4780,grdc
4207604,-124.1433563,51.62485886,2130,grdc
4207649,-124.1453094,51.67385864,98.8,grdc
4208440,-115.85778,60.743057,52300,grdc
4208536,-121.34695,56.093056,1520,grdc
4208570,-121.20778,55.720001,12100,grdc
4208770,-115.40833,55.316666,1900,grdc
4208810,-117.20556,54.750832,1040,grdc
4208880,-111.25417,56.685276,30800,grdc
4208920,-118.05695,52.91,3900,grdc
4208921,-118.10584,52.863888,630,grdc
4208950,-116.27084,53.59861,829,grdc
4213045,-115.56944,51.174999,2210,grdc
4213601,-97,55.7431,15400,grdc
4213603,-99.547226,51.852779,55100,grdc
4213715,-94.6833,56.3444,1090,grdc
4213780,-95.955559,49.938889,3700,grdc
4213880,-92.724998,48.849998,4870,grdc
4214210,-110.21667,54.354168,14500,grdc
4214500,-84.529999,49.778889,2410,grdc
4214507,-88.9306,50.8667,11200,grdc
4214530,-83.263336,49.616665,8940,grdc
4214560,-80.76667,51.083332,6680,grdc
4214565,-80.8667,51.15,4250,grdc
4215160,-117.7481,50.2775,337,grdc
4215260,-117.56445,49.460556,3320,grdc
4215270,-116.95194,49.907501,453,grdc
4215330,-117.2597,49.5014,9,grdc
4215660,-117.17917,51.483334,9710,grdc
4215708,-116.5339127,49.20262909,57,grdc
4215750,-116.04305,50.886112,420,grdc
4215845,-116.4524918,49.15911865,78.3,grdc
4231250,-68.955556,47.206389,1350,grdc
4231590,-67.320278,45.943333,234,grdc
4231865,-67.73844147,46.43835831,484,grdc
4231875,-67.46511078,46.34088898,350,grdc
4231890,-67.02139282,46.27716827,3.8,grdc
4231917,-65.6016922,45.70138931,1100,grdc
4232020,-84.2816925,46.56285858,109,grdc
4232400,-87.37677765,48.97811127,10.8,grdc
4232900,-83.971664,46.860279,1160,grdc
4234500,-79.395279,46.262222,70.4,grdc
4234550,-79.378609,45.669445,321,grdc
4234600,-79.28167,44.712776,1520,grdc
4234660,-79.64375305,44.70719147,168,grdc
4234670,-80.930832,44.522499,181,grdc
4234675,-80.64849854,44.57017136,298,grdc
4234690,-81.33635712,45.03696823,50.5,grdc
4235500,-80.45472,43.190556,1030,grdc
4236800,-77.32813263,44.54956818,678,grdc
4243170,-75.54441833,44.84225082,246,grdc
4244301,-57.49385834,53.53427887,10900,grdc
4244470,-65.06494141,46.44393921,166,grdc
4244550,-56.871387,52.649166,2310,grdc
4244555,-61.28610992,45.72024918,193,grdc
4244720,-57.151112,50.607498,624,grdc
4244725,-65.15538788,47.70560837,173,grdc
4244730,-57.362499,49.240555,2110,grdc
4244735,-61.30168915,55.23413849,7570,grdc
4244755,-66.02522278,47.89381027,510,grdc
4244756,-65.83650208,47.09474945,948,grdc
4244770,-54.853611,49.015278,4400,grdc
4244840,-66.886944,47.832222,2270,grdc
4244850,-67.483056,47.666944,3160,grdc
4244870,-65.907222,46.935833,1340,grdc
4244871,-56.22214127,49.8935318,93.2,grdc
4244872,-59.00978088,47.61333084,205,grdc
4244875,-58.36264038,48.57582855,640,grdc
4244880,-65.825556,46.735833,5050,grdc
4244995,-65.370003,43.838333,495,grdc
4245302,-123.7046432,48.87836075,355,grdc
4245445,-125.069252,49.69282913,87.9,grdc
4245446,-125.0857162,49.7365799,41.1,grdc
4245650,-124.91695,50.984722,5720,grdc
4245820,-126.57417,50.436943,360,grdc
4245890,-123.66972,48.727501,209,grdc
5101301,150.107,-23.089,135757,grdc
5104230,146.586,-25.7928,8070,grdc
5109110,139.252,-18.6419,12690,grdc
5109170,142.876,-18.2025,10987,grdc
5109210,139.879,-18.233,23660,grdc
5109220,142.06,-16.5315,6789,grdc
5202070,152.712,-30.0076,9980,grdc
5202102,151.403,-32.6606,17320,grdc
5202103,151.171,-32.5602,16400,grdc
5202135,150.682,-33.7468,11000,grdc
5204101,144.301,-34.4776,57700,grdc
5204102,146.549,-34.7552,34200,grdc
5204103,148.107,-35.0751,21100,grdc
5204104,148.574,-35.001,13100,grdc
5204106,143.492,-34.665,166000,grdc
5204181,149.847,-29.4261,12960,grdc
5204251,142.268,-33.7464,647200,grdc
5204252,142.38,-32.4353,575000,grdc
5204255,145.937,-30.0879,386000,grdc
5204268,141.597,-34.1915,991000,grdc
5204300,144.881,-33.8695,55900,grdc
5204301,147.991,-33.4108,19000,grdc
5204302,148.936,-33.9825,8290,grdc
5204401,149.081,-32.6332,13980,grdc
5204450,146.864,-29.9472,297850,grdc
5204451,148.061,-30.0153,132200,grdc
5204452,148.689,-29.353,64800,grdc
5204460,147.313,-29.0296,82162.1,grdc
5302229,148.361,-37.6611,13421,grdc
5302365,142.625,-38.3354,8355,grdc
5304140,143.342,-34.8472,116393,grdc
5404270,140.275,-34.1787,1000001,grdc
5404271,139.616,-34.3509,955018,grdc
5606100,115.619,-34.0715,11593,grdc
5607023,126.028,-17.6722,17151.7,grdc
5607400,115.499,-22.5443,71387,grdc
5708110,130.964,-15.5515,44900,grdc
5708126,129.739,-15.934,10204,grdc
5709110,136.085,-16.4519,10400,grdc
5709112,136.317,-16.0818,15700,grdc
5863030,174.0475393,-35.27634166,302,grdc
5863110,176.9951099,-38.00514122,1557,grdc
5863120,176.6995,-38.4601,1184,grdc
5863150,177.6322722,-37.86369747,1393,grdc
5863200,176.7669,-37.9405,906,grdc
5863210,176.5078215,-38.17637005,186.7,grdc
5864200,177.8756047,-38.46160072,1580,grdc
5864210,177.5616863,-38.41499807,26.4,grdc
5864300,176.872475,-39.5964198,1994,grdc
5864330,176.2217986,-39.4371179,259,grdc
5864331,177.1290903,-39.07355376,2370,grdc
5864350,176.3306391,-39.37992142,370,grdc
5864501,176.9270242,-39.71537984,2380,grdc
5864700,175.1915831,-41.05086048,88.8,grdc
5864701,175.0907,-41.1008,427,grdc
5865102,174.5102859,-36.38537048,268,grdc
5865121,175.8075,-39.8108,2787,grdc
5865300,175.1456,-37.6527,11395,grdc
5865301,176.082,-38.665,3305,grdc
5865309,175.0457228,-37.28140252,13701,grdc
5865400,174.7330578,-38.62335781,226,grdc
5865550,175.237669,-38.863801,1075,grdc
5865601,175.5919,-39.0461,28.2,grdc
5865650,175.2638,-39.5697,506,grdc
5865670,175.3245742,-39.3714892,20.8,grdc
5865800,173.9134803,-39.49269464,29.5,grdc
5865810,174.2612,-39.2825,11.3,grdc
5865900,175.1995352,-40.82370475,306,grdc
5866100,171.8950569,-43.463827,164,grdc
5866115,172.9229564,-41.89550284,518,grdc
5866120,173.9368,-41.5973,64.1,grdc
5866150,171.6358048,-43.50604784,2560,grdc
5866200,169.7279,-44.475,557,grdc
5866230,170.4905531,-44.72479659,899,grdc
5866300,168.9493,-46.1,3465,grdc
5866302,168.7971561,-46.38951541,5109,grdc
5866500,172.5415537,-42.79038739,1060,grdc
5866600,172.9063557,-42.4573025,440,grdc
5866610,172.9647755,-42.37541418,973,grdc
5867200,172.6272018,-40.74597201,573,grdc
5867250,172.8223649,-41.25789763,1750,grdc
5867300,173.5649901,-41.30350668,375,grdc
5867350,172.2201884,-41.25420479,1160,grdc
5867510,169.2973857,-43.94254589,1020,grdc
5867550,171.0180341,-42.95498721,367,grdc
5867700,171.2991349,-42.45299351,3830,grdc
5867710,171.7873594,-42.35537138,642,grdc
5868050,169.3239,-45.1995,12018,grdc
5868100,169.7479827,-46.23727971,20582,grdc
5869401,167.6852,-45.4799,3124,grdc
5870600,171.6993604,-41.83424909,6350,grdc
5870655,172.3863969,-41.76348777,1410,grdc
6113050,-8.375,39.461,67482.3,grdc
6113110,-7.998,39.48,61539.9,grdc
6116200,-7.633,37.803,61884.9,grdc
6123100,-0.83,47.38,110000,grdc
6123210,0.204429,48.158733,510,grdc
6123400,0.544384,47.048799,19920,grdc
6140100,16.1898,50.53,94.6,grdc
6140101,16.1808,50.4832,248.5,grdc
6140120,15.4773,49.8895,381.8,grdc
6140130,15.5171,50.638,44,grdc
6140140,15.3257,50.6547,179.1,grdc
6140150,13.8855,49.1974,383.3,grdc
6140250,14.0874,49.9586,8286.2,grdc
6140300,14.1435,49.3165,2913.7,grdc
6140400,14.2096,50.7822,51120.3,grdc
6140401,14.0425,50.6539,48560.5,grdc
6140450,15.1012,49.7409,1420.6,grdc
6140500,15.2744,50.6399,791.2,grdc
6140600,15.9067,50.0367,625.4,grdc
6140700,16.5404,50.0651,182.4,grdc
6142100,16.9755,49.7558,1561.1,grdc
6142101,16.9114,50.041,349.7,grdc
6142110,16.8537,48.8037,12283.7,grdc
6142120,17.2974,48.9331,9144.8,grdc
6142160,16.5587,49.5535,126.5,grdc
6142170,16.0256,49.3196,478.8,grdc
6142190,16.8387,49.867,445.2,grdc
6142250,15.5026,49.3822,307.3,grdc
6142260,16.5807,49.532,423.7,grdc
6142270,16.1911,49.678,127.9,grdc
6142300,17.746,49.53,1275.3,grdc
6157100,18.3281,49.9212,4663.7,grdc
6172010,24.968889,59.380833,84,grdc
6172011,25.340278,59.344167,903,grdc
6172012,24.879167,59.466111,794,grdc
6172013,24.434722,59.308611,635,grdc
6172014,25.594444,59.508611,123,grdc
6172016,27.039167,59.383889,784,grdc
6172020,25.669444,58.891944,215,grdc
6172023,23.996944,58.726389,2640,grdc
6172024,24.534722,59.38,209,grdc
6172026,25.789167,59.4675,404,grdc
6172028,23.866389,59.253333,474,grdc
6172030,27.393056,59.030833,140,grdc
6172031,22.7125,58.810278,98,grdc
6172033,25.921111,58.003611,269,grdc
6172034,25.676667,58.888889,7.3,grdc
6172036,26.582778,59.373056,406,grdc
6172037,27.105428,59.023767,313,grdc
6172038,22.7,58.51666667,7.6,grdc
6172039,25.476389,58.799167,279,grdc
6172040,22.822222,58.364444,134,grdc
6172041,25.061667,58.515278,1030,grdc
6172042,24.994444,58.479722,1880,grdc
6172044,25.221699,58.577203,177.8,grdc
6172050,24.7675,58.463056,5160,grdc
6172052,24.915556,58.518333,2080,grdc
6172055,26.741944,58.273333,241,grdc
6172056,25.644444,58.938889,25,grdc
6172057,24.318611,58.423333,326,grdc
6172058,26.848889,58.700556,266,grdc
6172200,26.726111,58.38,7840,grdc
6172206,25.822117,58.394902,306.5,grdc
6172220,26.1325,57.850833,1050,grdc
6172230,27.088608,59.035303,252,grdc
6172236,25.927778,58.703056,1030,grdc
6172240,26.374722,58.602222,766,grdc
6172260,27.112222,58.209167,896,grdc
6172270,26.434444,58.211389,239,grdc
6172271,27.726254,57.88534,743.8,grdc
6172280,27.454444,58.095556,1300,grdc
6172351,27.740278,59.000833,47800,grdc
6229100,11.5368,58.8771,624.1,grdc
6229110,11.3656,58.9101,60.4,grdc
6229120,11.3573,58.6259,8.4,grdc
6229135,11.6839,58.4643,1334.5,grdc
6229140,11.9347,58.2444,22.9,grdc
6232101,19.9859,68.1936,3345.5,grdc
6232901,23.5512,67.2233,14477.1,grdc
6232905,22.4779,68.4437,5960.4,grdc
6232910,24.0211,66.0307,33929.6,grdc
6232911,23.3959,67.2074,11038.1,grdc
6232916,18.7841,68.3607,566.3,grdc
6232930,21.9758,68.0356,3856.2,grdc
6232960,22.1698,68.3706,390.8,grdc
6232970,20.5404,67.8214,30.4,grdc
6233100,12.3088,57.2397,2160.2,grdc
6233101,12.1728,57.4949,662.9,grdc
6233113,17.1122,60.6794,2311.9,grdc
6233116,20.9857,64.8347,905.5,grdc
6233120,13.5937,55.4497,102,grdc
6233122,16.8109,60.8604,989.8,grdc
6233124,21.1848,64.9556,3620.2,grdc
6233126,18.5983,63.5635,3043.3,grdc
6233128,18.5991,57.5586,349,grdc
6233130,14.7486,56.1939,3360.5,grdc
6233133,16.9375,58.8132,3591,grdc
6233136,20.2669,64.2106,625,grdc
6233150,13.1244,56.7157,259.7,grdc
6233163,13.0767,55.7796,1184.6,grdc
6233175,18.3261,59.2027,4,grdc
6233180,12.7983,55.9954,155.5,grdc
6233200,12.4391,61.8203,565,grdc
6233205,13.011,61.3076,1103.2,grdc
6233222,12.1278,62.6386,64.6,grdc
6233227,12.6109,62.5454,340.3,grdc
6233235,14.136,55.9454,1.8,grdc
6233236,12.6738,57.0967,383.5,grdc
6233240,14.6205,56.1203,4.7,grdc
6233300,14.3149,58.713,45,grdc
6233301,16.1697,58.5887,15394.9,grdc
6233303,16.4365,58.4037,386.8,grdc
6233304,16.601,58.0447,260.3,grdc
6233325,12.3182,58.2045,278.9,grdc
6233326,12.7311,58.0075,482.5,grdc
6233350,16.1639,56.9996,1332.7,grdc
6233351,16.139,56.6961,342.4,grdc
6233353,15.6798,56.2229,801.3,grdc
6233354,15.5213,56.2207,437.7,grdc
6233356,15.0997,56.2259,432.1,grdc
6233360,16.4513,57.1431,4440.9,grdc
6233366,14.8627,57.5789,157.2,grdc
6233367,13.238,55.5067,52.2,grdc
6233400,15.4369,63.4719,2428.4,grdc
6233402,16.782,59.6634,167.5,grdc
6233406,16.1592,59.5945,36.5,grdc
6233411,17.1182,59.2641,214.3,grdc
6233412,16.4659,59.3221,4044.2,grdc
6233415,17.5825,59.7962,6.1,grdc
6233417,15.2314,59.9038,1.8,grdc
6233418,17.3933,59.7581,197.1,grdc
6233419,17.0712,59.7331,312.4,grdc
6233421,15.9919,59.52,110.3,grdc
6233422,15.8858,59.5365,998.2,grdc
6233423,15.2609,59.585,1182.6,grdc
6233425,15.1157,59.534,891.4,grdc
6233440,16.6994,58.8585,1992.3,grdc
6233450,14.2388,64.8361,427.8,grdc
6233460,13.0134,63.7355,155.8,grdc
6233465,12.3969,63.5227,224.1,grdc
6233470,14.1126,64.0641,1110.1,grdc
6233510,19.7036,64.2233,11846.3,grdc
6233530,14.9033,65.8315,194.7,grdc
6233540,13.9515,58.3613,167.1,grdc
6233555,16.0893,62.7255,15,grdc
6233600,17.7307,60.0194,293.8,grdc
6233610,13.165,56.1178,953.4,grdc
6233612,13.1076,56.1438,241.3,grdc
6233613,12.9748,56.0742,119.2,grdc
6233614,12.8577,56.2773,261.4,grdc
6233680,17.4761,65.5317,6054.3,grdc
6233700,18.3034,63.4332,1465.2,grdc
6233755,21.2233,65.8508,42.6,grdc
6233780,21.97,66.0206,3778.6,grdc
6233785,21.6965,66.4148,41.3,grdc
6233800,21.8128,66.1675,1012,grdc
6233850,22.812,66.1697,23102.9,grdc
6233870,23.3236,66.1117,494.3,grdc
6335020,6.395395,51.756918,159300,grdc
6335304,8.714986,50.105773,24764,grdc
6340110,10.88881,53.232275,131950,grdc
6604310,-2.624682493,53.76842223,1145,grdc
6604360,-2.952860459,54.90490332,2286.5,grdc
6604390,-2.974975743,54.2681107,247,grdc
6604480,-2.755961814,54.28005476,209,grdc
6605310,-2.513296188,54.94315097,321.9,grdc
6607710,-1.785267486,51.17152668,323.7,grdc
6607800,0.231192932,51.42433574,191.4,grdc
6607850,0.51602401,51.2020707,277.1,grdc
6607855,0.172574596,51.10822825,53.7,grdc
6607950,1.030508073,51.25810205,345,grdc
6608235,-2.488104191,53.09300543,92.7,grdc
6608250,-2.492526418,53.16765932,622,grdc
6608510,-2.563492134,52.08135251,144,grdc
6608520,-2.933123297,52.27665705,203.3,grdc
6729450,10.277533,61.333385,11210,grdc
6730501,28.016245,70.070335,14161.4,grdc
6781800,29.471111,46.830556,66100,grdc
6830100,28.448915,68.908734,14575,grdc
6830101,28.324885,68.85017,314,grdc
6830102,27.27446,68.554584,3345,grdc
6830103,25.937959,68.445601,645,grdc
6830104,26.925178,68.889192,5160,grdc
6830105,26.74755,68.919108,2215,grdc
6830200,28.03785714,69.50945381,744,grdc
6830510,26.999531,69.783665,1520,grdc
6830511,27.026964,69.911988,10864,grdc
6830512,25.844883,69.395729,3133,grdc
6832750,23.6601,67.9457,9259,grdc
6832752,23.78398235,66.38133608,3089,grdc
6832753,20.8522,68.9384,293,grdc
6832755,24.0211,66.0307,NA,grdc
6832907,22.49458129,68.44228041,5732,grdc
6832909,21.07643268,68.88047058,108,grdc
6832917,23.91239999,66.78523748,NA,grdc
6832918,23.98197826,67.13438639,732,grdc
6832929,24.38655424,66.82673982,339,grdc
6854101,22.1142,61.3375,26117,grdc
6854102,23.749779,61.308421,8641,grdc
6854103,23.7629,61.5003,7672,grdc
6854104,23.910677,61.854155,6102,grdc
6854105,22.691344,61.13948,2652,grdc
6854106,22.4629,61.3814,688,grdc
6854107,24.039172,62.279941,546,grdc
6854108,23.061456,61.897869,444,grdc
6854109,23.927032,60.706281,128,grdc
6854115,24.9843,60.2378,1680,grdc
6854116,24.02743238,61.2639765,4450,grdc
6854130,21.54734186,62.94339496,489,grdc
6854140,21.52106394,62.31524032,480,grdc
6854151,22.410262,60.872379,197,grdc
6854170,21.7427,61.6734,3110,grdc
6854180,21.37126606,62.50887855,934,grdc
6854200,22.6985,63.3615,3949,grdc
6854203,26.8174654,60.69837868,36275,grdc
6854205,26.044766,61.566581,1421,grdc
6854210,22.8804,63.6231,2000,grdc
6854220,23.7564,63.4985,1416,grdc
6854250,25.8879,62.245,17684,grdc
6854260,26.71287909,61.09316157,5216,grdc
6854272,24.84233,62.749581,409,grdc
6854280,25.525249,63.044145,2186,grdc
6854300,24.716923,63.583602,363,grdc
6854301,23.7608,63.9862,1283,grdc
6854310,22.15683,61.11177,616,grdc
6854320,24.4,64.3613,3408,grdc
6854340,25.606376,60.472543,1128,grdc
6854350,26.01236172,60.70358308,460,grdc
6854360,27.6321,60.6199,328,grdc
6854400,25.4069,65.1934,3814,grdc
6854500,25.4734,65.0226,22841,grdc
6854510,28.91563315,64.87977676,3428,grdc
6854520,23.8337,60.1499,1935,grdc
6854560,21.85857316,63.03214291,426,grdc
6854570,21.66800537,61.17223853,438,grdc
6854580,23.44839079,63.86333969,267,grdc
6854590,29.583843,64.190256,2045,grdc
6854591,26.7815,64.5721,19839,grdc
6854592,29.502615,64.127452,3444,grdc
6854593,29.85232,64.396752,403,grdc
6854600,25.41127006,65.33485078,14191,grdc
6854601,28.069004,65.14455,1313,grdc
6854602,26.99089535,65.3640406,7934,grdc
6854610,25.29097,65.618927,1279,grdc
6854620,25.0894,65.6654,3109,grdc
6854630,22.30611591,60.46434362,730,grdc
6854650,22.75919965,60.57598707,785,grdc
6854660,24.06649423,60.33564733,935,grdc
6854700,24.5453,65.7927,50683,grdc
6854701,27.353,66.4757,27424,grdc
6854702,25.540248,66.424056,47425,grdc
6854703,26.685973,66.36779,29021,grdc
6854705,27.7855,67.1985,8538,grdc
6854706,26.74570088,67.9627216,4868,grdc
6854707,24.84437614,67.87863229,4488,grdc
6854708,26.126963,66.492831,3522,grdc
6854710,25.42025441,66.79487644,12303,grdc
6854711,27.781957,66.51514,1283,grdc
6854712,25.747282,67.130472,1198,grdc
6854713,23.752431,68.39612,363,grdc
6854714,25.427109,66.61794,296,grdc
6854720,24.8701,64.7692,4283,grdc
6854722,23.2863,60.1792,560,grdc
6854730,23.22625761,60.44029337,481,grdc
6854800,24.114,64.2026,3065,grdc
6854810,21.60284837,60.80571971,340,grdc
6854820,25.428412,60.393073,665,grdc
6854900,21.8842,63.092,4833,grdc
6854950,21.582,62.2385,976,grdc
6855400,28.7839,61.2107,61061,grdc
6855401,30.1308,62.7698,20816,grdc
6855402,27.7686,62.5499,16270,grdc
6855409,31.029471,63.097496,596,grdc
6855411,28.899157,63.151861,125,grdc
6855412,28.302772,61.835145,788,grdc
6855440,27.20338639,63.22040223,5583,grdc
6855450,28.62523042,62.56179644,2110,grdc
6855460,28.30471008,63.04497925,4128,grdc
6855470,30.42903528,62.80100361,6389,grdc
6855480,30.47066154,63.41781886,6259,grdc
6855662,30.50072884,62.2143072,1883,grdc
6870640,29.315234,66.369275,1986,grdc
6933900,14.71282,55.15281,43,grdc
6934050,8.48206,56.89403,108,grdc
6934100,8.70724,55.95689,1055,grdc
6934120,8.34556,56.33504,1097,grdc
6934150,9.00766,56.40707,518,grdc
6934170,9.49278,56.57313,556,grdc
6934250,9.67046,56.24026,1285,grdc
6934270,9.7941,56.39358,1788,grdc
6934310,9.91465,57.16017,104,grdc
6934350,8.8767,55.32261,676,grdc
6934370,8.83515,55.41249,388,grdc
6934400,10.04068,56.13496,119,grdc
6934460,10.0324,56.90959,214,grdc
6934500,12.20428,55.33432,130,grdc
6934530,11.3858,55.61297,291,grdc
6934540,11.38461,55.47459,148,grdc
6934571,11.68963,55.29993,756,grdc
6934620,9.4403,55.70221,199,grdc
6934700,10.42303,55.39989,535,grdc
6934720,10.05078,55.38349,71,grdc
6242820,16.835,48.38361111,25623.8,grdc
6336050,7.168276,50.143351,27088,grdc
6337200,9.125,52.964,37720,grdc
6340501,12.346825,52.609013,19288,grdc
6357010,14.14305556,52.865,109564,grdc
6456107,15.26083333,54.06333333,2637.6,grdc
6457010,14.31777778,52.76416667,109810.7,grdc
HMS00001,15.9956,46.6811,10197,hms
HMS00002,15.9962,46.371,14661.5,hms
HMS00003,16.034,46.4141,478,hms
HMS00004,14.1654,46.34,908,hms
HMS00005,14.5824,46.084,2285,hms
HMS00006,15.0906,46.122,5177,hms
HMS00007,15.6097,45.8932,10186,hms
HMS00008,14.326,46.162,566,hms
HMS00009,15.2301,45.9885,271.2,hms
HMS00010,14.8522,45.4639,460,hms
HMS00011,15.323,45.6343,2002,hms
HMS00012,15.2606,46.2274,1189,hms
HMS00013,15.2336,46.154,1664,hms
HMS00014,15.4555,45.8644,2238,hms
HMS00015,13.4942,46.3149,325,hms
HMS00016,13.5866,46.2479,437,hms
HMS00017,13.6553,45.9816,1573,hms
HMS00018,13.4778,46.3097,50.2,hms
HMS00019,13.7983,46.1283,443,hms
HMS00020,13.7757,46.1557,142.3,hms
HMS00021,3.805389,51.004361,NA,hms
HMS00022,-21.00687,63.939361,NA,hms
HMS00023,35.0978,32.7217,695,hms
HMS00024,35.6418,33.2163,153,hms
HMS00025,35.6307,33.0404,1404,hms
HMS00026,25.891513,56.497575,70500,hms
HMS00027,81.28764,28.65351,45431,hms
HMS00028,84.42762,27.72548,31650,hms
HMS00029,87.149645,26.85555,53686,hms
HMS00030,-82.89,8.52,800,hms
HMS00031,-82.32,8.68,NA,hms
HMS00032,-82.82,9.14,NA,hms
HMS00033,-78.88,9.17,3900,hms
HMS00034,-80.4599999999999,-3.57,NA,hms
HMS00035,-80.4599999999999,-3.77,NA,hms
HMS00036,-80.4,-3.98,NA,hms
HMS00037,-80.15,-4.3,NA,hms
HMS00038,-79.9599999999999,-4.39,NA,hms
HMS00039,-80.34,-4.94,NA,hms
HMS00040,-80.17,-5.11,NA,hms
HMS00041,-79.4699999999999,-6.33,NA,hms
HMS00042,-78.9099999999999,-6.58,NA,hms
HMS00043,-79,-6.65,NA,hms
HMS00044,-79.0699999999999,-6.66,NA,hms
HMS00045,-79.34,-6.84,NA,hms
HMS00046,-79.0999999999999,-7.25,NA,hms
HMS00047,-78.81,-7.55,NA,hms
HMS00048,-78.7099999999999,-7.57,NA,hms
HMS00049,-78.9599999999999,-7.66,NA,hms
HMS00050,-78.3799999999999,-7.8,NA,hms
HMS00051,-78.26,-8.66,NA,hms
HMS00052,-77.2,-11.13,NA,hms
HMS00053,-77.03,-11.3699999999999,NA,hms
HMS00054,-76.62,-11.4499999999999,NA,hms
HMS00055,-76.8599999999999,-11.6999999999999,NA,hms
HMS00056,-76.2999999999999,-11.76,NA,hms
HMS00057,-76.6899999999999,-11.93,NA,hms
HMS00058,-76.73,-11.98,NA,hms
HMS00059,-76.5,-12.52,NA,hms
HMS00060,-76.1899999999999,-13.0299999999999,NA,hms
HMS00061,-75.98,-13.44,NA,hms
HMS00062,-75.68,-13.92,NA,hms
HMS00063,-73.1099999999999,-16.43,NA,hms
HMS00064,-72.48,-16.01,NA,hms
HMS00065,-71.64,-16.9899999999999,NA,hms
HMS00066,-69.79,-15.22,NA,hms
HMS00067,-69.87,-15.26,NA,hms
HMS00068,-70.2199999999999,-15.47,NA,hms
HMS00069,-69.79,-15.68,NA,hms
HMS00070,-69.65,-16.09,NA,hms
HMS00071,-69.5799999999999,-16.14,NA,hms
HMS00072,-69.9399999999999,-17.1999999999999,NA,hms
HMS00073,-78.7399999999999,-6.56,NA,hms
HMS00074,-78.5199999999999,-6.69,NA,hms
HMS00075,-78.03,-6.84,NA,hms
HMS00076,-76.3299999999999,-6.92,NA,hms
HMS00077,-76.48,-7.25,NA,hms
HMS00078,-78.29,-7.24,NA,hms
HMS00079,-78.1099999999999,-7.46,NA,hms
HMS00080,-76.65,-7.48,NA,hms
HMS00081,-74.5199999999999,-8.35999999999999,NA,hms
HMS00082,-76.51,-8.43,NA,hms
HMS00083,-76,-9.3,NA,hms
HMS00084,-74.9699999999999,-9.38,NA,hms
HMS00085,-76.31,-9.85,NA,hms
HMS00086,-76.31,-9.92,NA,hms
HMS00087,-73.87,-10.6099999999999,NA,hms
HMS00088,-75.3299999999999,-11.21,NA,hms
HMS00089,-75.93,-11.52,NA,hms
HMS00090,-69.2099999999999,-12.58,NA,hms
HMS00091,-72.5199999999999,-13.19,NA,hms
HMS00092,-72.34,-13.22,NA,hms
HMS00093,-73.8299999999999,-13.43,NA,hms
HMS00094,-71.5999999999999,-13.32,NA,hms
HMS00095,-71.8499999999999,-13.42,NA,hms
HMS00096,-72.5799999999999,-13.56,NA,hms
HMS00097,-73.17,-13.99,NA,hms
HMS00098,-71.23,-14.17,NA,hms
HMS00099,-55.7411,-34.2161,2759,hms
HMS00100,-55.4542,-34.2675,1078,hms
HMS00101,-56.4011,-34.4497,8374,hms
HMS00102,-55.47099,-31.87573,6599.3,hms
HMS00103,-56.51194,-33.37328,8872,hms
HMS00104,16.84698,48.38178,25521.3,hms
HMS00105,18.160035,47.745075,171624.13,hms
HMS00106,17.88251,48.1605,11217.61,hms
HMS00107,18.64649,48.40703,3821.38,hms
HMS00108,19.297917,48.087238,2768,hms
HMS00109,20.3142,48.3043,1829.65,hms
HMS00110,20.302239,48.285607,1377.41,hms
HMS00111,20.423706,49.403663,1469.1,hms
HMS00112,20.73023,49.28918,1262.41,hms
HMS00113,21.33957,48.6027,4232.2,hms
HMS00114,20.861646,48.572295,863.7,hms
HMS00115,21.75003,48.39582,11474.25,hms
HMS00116,80.07944,6.90944,NA,hms
HMS00117,80.39417,6.67833,NA,hms
HMS00118,80.05722,6.60167,NA,hms
HMS00119,81.08611,7.91472,NA,hms
